prodcode,productname,aed,aed_class,epilepsy_only,bipolar_only,dosemg,ddd_who
63965,alzain 100mg capsules (dr reddy's laboratories (uk) ltd),1,pregabalin,,,100,.30000001
64039,alzain 150mg capsules (dr reddy's laboratories (uk) ltd),1,pregabalin,,,150,.30000001
64042,alzain 200mg capsules (dr reddy's laboratories (uk) ltd),1,pregabalin,,,200,.30000001
64038,alzain 225mg capsules (dr reddy's laboratories (uk) ltd),1,pregabalin,,,225,.30000001
63964,alzain 25mg capsules (dr reddy's laboratories (uk) ltd),1,pregabalin,,,25,.30000001
64037,alzain 300mg capsules (dr reddy's laboratories (uk) ltd),1,pregabalin,,,300,.30000001
64041,alzain 50mg capsules (dr reddy's laboratories (uk) ltd),1,pregabalin,,,50,.30000001
64040,alzain 75mg capsules (dr reddy's laboratories (uk) ltd),1,pregabalin,,,75,.30000001
69125,axalid 100mg capsules (kent pharmaceuticals ltd),1,pregabalin,,,100,.30000001
69499,axalid 150mg capsules (kent pharmaceuticals ltd),1,pregabalin,,,150,.30000001
69799,axalid 200mg capsules (kent pharmaceuticals ltd),1,pregabalin,,,200,.30000001
69497,axalid 225mg capsules (kent pharmaceuticals ltd),1,pregabalin,,,225,.30000001
69296,axalid 25mg capsules (kent pharmaceuticals ltd),1,pregabalin,,,25,.30000001
69418,axalid 300mg capsules (kent pharmaceuticals ltd),1,pregabalin,,,300,.30000001
69554,axalid 50mg capsules (kent pharmaceuticals ltd),1,pregabalin,,,50,.30000001
69498,axalid 75mg capsules (kent pharmaceuticals ltd),1,pregabalin,,,75,.30000001
9212,beclamide 500mg tablets,1,beclamide,,,500,
80341,belvo 250mg gastro-resistant tablets (consilient health ltd),1,valproate,,,250,1.5
80329,belvo 500mg gastro-resistant tablets (consilient health ltd),1,valproate,,,500,1.5
68319,brivaracetam 100mg tablets,1,brivaracetam,1,,100,.1
68803,brivaracetam 10mg tablets,1,brivaracetam,1,,10,.1
68005,brivaracetam 25mg tablets,1,brivaracetam,1,,25,.1
66495,brivaracetam 50mg tablets,1,brivaracetam,1,,50,.1
69375,brivaracetam 50mg/5ml oral solution sugar free,1,brivaracetam,1,,50,.1
77735,brivaracetam 50mg/5ml solution for injection vials,1,brivaracetam,1,,50,.1
68349,brivaracetam 75mg tablets,1,brivaracetam,1,,75,.1
68674,briviact 100mg tablets (ucb pharma ltd),1,brivaracetam,1,,100,.1
68401,briviact 10mg tablets (ucb pharma ltd),1,brivaracetam,1,,10,.1
75013,briviact 10mg/ml oral solution (ucb pharma ltd),1,brivaracetam,1,,10,.1
69311,briviact 25mg tablets (ucb pharma ltd),1,brivaracetam,1,,25,.1
66763,briviact 50mg tablets (ucb pharma ltd),1,brivaracetam,1,,50,.1
77254,briviact 50mg/5ml solution for injection vials (ucb pharma ltd),1,brivaracetam,1,,50,.1
75014,briviact 75mg tablets (ucb pharma ltd),1,brivaracetam,1,,75,.1
60181,carbagen 100mg tablets (mylan),1,carbamazepine,,,100,1
60187,carbagen 200mg tablets (mylan),1,carbamazepine,,,200,1
60405,carbagen 400mg tablets (mylan),1,carbamazepine,,,400,1
13112,carbagen sr 200mg tablets (mylan),1,carbamazepine,,,200,1
26012,carbagen sr 400mg tablets (mylan),1,carbamazepine,,,400,1
4982,carbamazepine 100mg chewable tablets sugar free,1,carbamazepine,,,100,1
34958,carbamazepine 100mg tablet (berk pharmaceuticals ltd),1,carbamazepine,,,100,1
41726,carbamazepine 100mg tablet (ivax pharmaceuticals uk ltd),1,carbamazepine,,,100,1
432,carbamazepine 100mg tablets,1,carbamazepine,,,100,1
30763,carbamazepine 100mg tablets (a a h pharmaceuticals ltd),1,carbamazepine,,,100,1
61143,carbamazepine 100mg tablets (actavis uk ltd),1,carbamazepine,,,100,1
62457,carbamazepine 100mg tablets (alliance healthcare (distribution) ltd),1,carbamazepine,,,100,1
59428,carbamazepine 100mg tablets (almus pharmaceuticals ltd),1,carbamazepine,,,100,1
59746,carbamazepine 100mg tablets (de pharmaceuticals),1,carbamazepine,,,100,1
61377,carbamazepine 100mg tablets (kent pharmaceuticals ltd),1,carbamazepine,,,100,1
55904,carbamazepine 100mg tablets (mylan),1,carbamazepine,,,100,1
56734,carbamazepine 100mg tablets (phoenix healthcare distribution ltd),1,carbamazepine,,,100,1
28345,carbamazepine 100mg tablets (teva uk ltd),1,carbamazepine,,,100,1
70901,carbamazepine 100mg tablets (waymade healthcare plc),1,carbamazepine,,,100,1
57898,carbamazepine 100mg/5ml oral suspension,1,carbamazepine,,,100,1
75692,carbamazepine 100mg/5ml oral suspension (special order),1,carbamazepine,,,100,1
596,carbamazepine 100mg/5ml oral suspension sugar free,1,carbamazepine,,,100,1
59038,carbamazepine 100mg/5ml oral suspension sugar free (a a h pharmaceuticals ltd),1,carbamazepine,,,100,1
72018,carbamazepine 100mg/5ml oral suspension sugar free (accord healthcare ltd),1,carbamazepine,,,100,1
59745,carbamazepine 100mg/5ml oral suspension sugar free (de pharmaceuticals),1,carbamazepine,,,100,1
59697,carbamazepine 10mg/5ml oral suspension,1,carbamazepine,,,10,1
17429,carbamazepine 125mg suppositories,1,carbamazepine,,,125,1
11696,carbamazepine 200mg chewable tablets sugar free,1,carbamazepine,,,200,1
46888,carbamazepine 200mg modified-release tablet (generics (uk) ltd),1,carbamazepine,,,200,1
37800,carbamazepine 200mg modified-release tablet (lagap),1,carbamazepine,,,200,1
2388,carbamazepine 200mg modified-release tablets,1,carbamazepine,,,200,1
34370,carbamazepine 200mg modified-release tablets (a a h pharmaceuticals ltd),1,carbamazepine,,,200,1
70773,carbamazepine 200mg modified-release tablets (de pharmaceuticals),1,carbamazepine,,,200,1
70902,carbamazepine 200mg modified-release tablets (phoenix healthcare distribution ltd),1,carbamazepine,,,200,1
76197,carbamazepine 200mg modified-release tablets (sigma pharmaceuticals plc),1,carbamazepine,,,200,1
79384,carbamazepine 200mg tablet (berk pharmaceuticals ltd),1,carbamazepine,,,200,1
46972,carbamazepine 200mg tablet (ivax pharmaceuticals uk ltd),1,carbamazepine,,,200,1
1158,carbamazepine 200mg tablets,1,carbamazepine,,,200,1
34904,carbamazepine 200mg tablets (a a h pharmaceuticals ltd),1,carbamazepine,,,200,1
62538,carbamazepine 200mg tablets (actavis uk ltd),1,carbamazepine,,,200,1
59211,carbamazepine 200mg tablets (alliance healthcare (distribution) ltd),1,carbamazepine,,,200,1
59429,carbamazepine 200mg tablets (almus pharmaceuticals ltd),1,carbamazepine,,,200,1
66058,carbamazepine 200mg tablets (de pharmaceuticals),1,carbamazepine,,,200,1
59887,carbamazepine 200mg tablets (mylan),1,carbamazepine,,,200,1
79244,carbamazepine 200mg tablets (phoenix healthcare distribution ltd),1,carbamazepine,,,200,1
81616,carbamazepine 200mg tablets (teva uk ltd),1,carbamazepine,,,200,1
73827,carbamazepine 200mg tablets (waymade healthcare plc),1,carbamazepine,,,200,1
76453,carbamazepine 200mg/5ml oral solution (special order),1,carbamazepine,,,200,1
17428,carbamazepine 250mg suppositories,1,carbamazepine,,,250,1
43451,carbamazepine 400mg modified-release tablet (generics (uk) ltd),1,carbamazepine,,,400,1
40403,carbamazepine 400mg modified-release tablet (lagap),1,carbamazepine,,,400,1
3569,carbamazepine 400mg modified-release tablets,1,carbamazepine,,,400,1
40404,carbamazepine 400mg modified-release tablets (a a h pharmaceuticals ltd),1,carbamazepine,,,400,1
66375,carbamazepine 400mg modified-release tablets (phoenix healthcare distribution ltd),1,carbamazepine,,,400,1
652,carbamazepine 400mg tablets,1,carbamazepine,,,400,1
43417,carbamazepine 400mg tablets (a a h pharmaceuticals ltd),1,carbamazepine,,,400,1
78250,carbamazepine 400mg tablets (actavis uk ltd),1,carbamazepine,,,400,1
63735,carbamazepine 400mg tablets (alliance healthcare (distribution) ltd),1,carbamazepine,,,400,1
59430,carbamazepine 400mg tablets (almus pharmaceuticals ltd),1,carbamazepine,,,400,1
66073,carbamazepine 400mg tablets (de pharmaceuticals),1,carbamazepine,,,400,1
59696,carbamazepine 400mg tablets (kent pharmaceuticals ltd),1,carbamazepine,,,400,1
54445,carbamazepine 400mg tablets (sigma pharmaceuticals plc),1,carbamazepine,,,400,1
32931,carbamazepine 400mg tablets (teva uk ltd),1,carbamazepine,,,400,1
69155,carbamazepine 40mg/5ml oral suspension,1,carbamazepine,,,40,1
37058,carbamazepine 500mg/5ml oral suspension,1,carbamazepine,,,500,1
53188,carbamazepine 500mg/5ml oral suspension (martindale pharmaceuticals ltd),1,carbamazepine,,,500,1
32900,carbamazepine sr 200mg tablet (ivax pharmaceuticals uk ltd),1,carbamazepine,,,200,1
47294,carbamazepine sr 400mg tablet (ivax pharmaceuticals uk ltd),1,carbamazepine,,,400,1
18350,clobazam 1 mg sus,1,clobazam,,,1,20
72832,clobazam 1.5mg/5ml oral suspension,1,clobazam,,,1.5,20
52093,clobazam 100mg/5ml oral suspension,1,clobazam,,,100,20
3110,clobazam 10mg capsules,1,clobazam,,,10,20
3111,clobazam 10mg tablets,1,clobazam,,,10,20
73661,clobazam 10mg tablets (teva uk ltd),1,clobazam,,,10,20
46796,clobazam 10mg/5ml oral solution,1,clobazam,,,10,20
20966,clobazam 10mg/5ml oral suspension,1,clobazam,,,10,20
55481,clobazam 10mg/5ml oral suspension sugar free,1,clobazam,,,10,20
69976,clobazam 1mg/5ml oral suspension,1,clobazam,,,1,20
10694,clobazam 2.5 mg cap,1,clobazam,,,2.5,20
37696,clobazam 2.5mg capsules,1,clobazam,,,2.5,20
51425,clobazam 2.5mg/5ml oral solution,1,clobazam,,,2.5,20
52056,clobazam 2.5mg/5ml oral suspension,1,clobazam,,,2.5,20
71813,clobazam 20mg/5ml oral suspension,1,clobazam,,,20,20
41303,clobazam 25mg/5ml oral solution,1,clobazam,,,25,20
48010,clobazam 25mg/5ml oral suspension,1,clobazam,,,25,20
70255,clobazam 2mg/5ml oral suspension,1,clobazam,,,2,20
70981,clobazam 3.5mg/5ml oral suspension,1,clobazam,,,3.5,20
50389,clobazam 4mg/5ml oral solution,1,clobazam,,,4,20
52052,clobazam 4mg/5ml oral suspension,1,clobazam,,,4,20
15429,clobazam 5 mg cap,1,clobazam,,,5,20
3109,clobazam 5 mg tab,1,clobazam,,,5,20
46850,clobazam 5mg/5ml oral solution,1,clobazam,,,5,20
17054,clobazam 5mg/5ml oral suspension,1,clobazam,,,5,20
60320,clobazam 5mg/5ml oral suspension (special order),1,clobazam,,,5,20
54759,clobazam 5mg/5ml oral suspension sugar free,1,clobazam,,,5,20
64879,clobazam 5mg/5ml oral suspension sugar free (a a h pharmaceuticals ltd),1,clobazam,,,5,20
77999,clobazam 5mg/5ml oral suspension sugar free (thame laboratories ltd),1,clobazam,,,5,20
29806,clobazam 7.5 mg cap,1,clobazam,,,7.5,20
52680,clobazam 7.5mg/5ml oral solution,1,clobazam,,,7.5,20
62926,clobazam 7.5mg/5ml oral suspension,1,clobazam,,,7.5,20
65238,clonazepam 10mg/5ml oral solution,1,clonazepam,,,10,8
74867,clonazepam 125micrograms/5ml oral solution,1,clonazepam,,,.125,8
74433,clonazepam 125micrograms/5ml oral suspension,1,clonazepam,,,.125,8
816,clonazepam 1mg/1ml solution for injection ampoules and diluent,1,clonazepam,,,1,8
80742,clonazepam 1mg/5ml oral suspension,1,clonazepam,,,1,8
64693,clonazepam 2.5mg/ml drops,1,clonazepam,,,2.5,8
4483,clonazepam 2.5mg/ml drops sugar free,1,clonazepam,,,2.5,8
32500,clonazepam 250micrograms/5ml oral solution,1,clonazepam,,,.25,8
57664,clonazepam 250micrograms/5ml oral suspension,1,clonazepam,,,.25,8
76757,clonazepam 25micrograms/5ml oral solution,1,clonazepam,,,.025,8
2073,clonazepam 2mg tablets,1,clonazepam,,,2,8
53739,clonazepam 2mg tablets (sigma pharmaceuticals plc),1,clonazepam,,,2,8
74422,clonazepam 2mg/5ml oral solution,1,clonazepam,,,2,8
13200,clonazepam 2mg/5ml oral solution sugar free,1,clonazepam,,,2,8
50108,clonazepam 2mg/5ml oral solution sugar free,1,clonazepam,,,2,8
34491,clonazepam 2mg/5ml oral solution sugar free (rosemont pharmaceuticals ltd),1,clonazepam,,,2,8
74584,clonazepam 2mg/5ml oral solution sugar free (waymade healthcare plc),1,clonazepam,,,2,8
74866,clonazepam 2mg/5ml oral suspension,1,clonazepam,,,2,8
58460,clonazepam 312.5micrograms/5ml oral suspension,1,clonazepam,,,.3125,8
61015,clonazepam 500microgram oral lyophilisates sugar free,1,clonazepam,,,.5,8
69211,clonazepam 500microgram orodispersible tablets,1,clonazepam,,,.5,8
1559,clonazepam 500microgram tablets,1,clonazepam,,,.5,8
58482,clonazepam 500microgram tablets (a a h pharmaceuticals ltd),1,clonazepam,,,.5,8
59396,clonazepam 500microgram tablets (almus pharmaceuticals ltd),1,clonazepam,,,.5,8
82398,clonazepam 500microgram tablets (almus pharmaceuticals ltd),1,clonazepam,,,.5,8
75571,clonazepam 500microgram tablets (kent pharmaceuticals ltd),1,clonazepam,,,.5,8
53311,clonazepam 500microgram tablets (phoenix healthcare distribution ltd),1,clonazepam,,,.5,8
61626,clonazepam 500microgram tablets (teva uk ltd),1,clonazepam,,,.5,8
45077,clonazepam 500microgram/5ml oral solution (rosemont pharmaceuticals ltd),1,clonazepam,,,.5,8
47066,clonazepam 500micrograms/5ml oral solution,1,clonazepam,,,.5,8
48544,clonazepam 500micrograms/5ml oral solution sugar free,1,clonazepam,,,.5,8
74219,clonazepam 500micrograms/5ml oral solution sugar free (alliance healthcare (distribution) ltd),1,clonazepam,,,.5,8
74865,clonazepam 500micrograms/5ml oral solution sugar free (rosemont pharmaceuticals ltd),1,clonazepam,,,.5,8
14743,clonazepam 500micrograms/5ml oral suspension,1,clonazepam,,,.5,8
17637,clonazepam 500micrograms/5ml solution sugar free,1,clonazepam,,,.5,8
76592,clonazepam 50micrograms/5ml oral solution,1,clonazepam,,,.050000001,8
64505,clonazepam 5mg/5ml oral suspension,1,clonazepam,,,5,8
5997,convulex 150mg gastro-resistant capsules (g.l. pharma uk ltd),1,valproate,,,150,1.5
5617,convulex 300mg gastro-resistant capsules (g.l. pharma uk ltd),1,valproate,,,300,1.5
18886,convulex 500mg gastro-resistant capsules (g.l. pharma uk ltd),1,valproate,,,500,1.5
76477,depakote 125mg sprinkle gastro-resistant capsules (imported (united states)),1,valproate,,1,125,1.5
7064,depakote 250mg gastro-resistant tablets (sanofi),1,valproate,,1,250,1.5
9759,depakote 500mg gastro-resistant tablets (sanofi),1,valproate,,1,500,1.5
58527,desitrend 1000mg granules sachets (desitin pharma ltd),1,levetiracetam,1,,1000,1.5
61529,desitrend 100mg/ml oral solution (desitin pharma ltd),1,levetiracetam,1,,100,1.5
59964,desitrend 250mg granules sachets (desitin pharma ltd),1,levetiracetam,1,,250,1.5
56326,desitrend 500mg granules sachets (desitin pharma ltd),1,levetiracetam,1,,500,1.5
69061,diacomit 250mg oral powder sachets (alan pharmaceuticals),1,stiripentol,1,,250,1
79129,dilantin infatabs 50mg chewable tablets (imported (canada)),1,phenytoin,1,,50,.30000001
26302,emeside 250mg capsule (laboratories for applied biology ltd),1,ethosuximide,1,,250,1.25
18911,emeside 250mg capsules (chemidex pharma ltd),1,ethosuximide,1,,250,1.25
18729,emeside 250mg/5ml oral solution (laboratories for applied biology ltd),1,ethosuximide,1,,250,1.25
33828,emeside 250mg/5ml syrup (essential pharma ltd),1,ethosuximide,1,,250,1.25
3882,epanutin + phenobarb cap,1,phenobarbital,1,,,.30000001
77399,epanutin 100mg capsules (dowelhurst ltd),1,phenytoin,1,,100,.30000001
1398,epanutin 100mg capsules (pfizer ltd),1,phenytoin,1,,100,.30000001
7498,epanutin 25mg capsules (pfizer ltd),1,phenytoin,1,,25,.30000001
10263,epanutin 300mg capsules (pfizer ltd),1,phenytoin,1,,300,.30000001
4175,epanutin 30mg/5ml oral suspension (upjohn uk ltd),1,phenytoin,1,,30,.30000001
3881,epanutin 50mg capsules (pfizer ltd),1,phenytoin,1,,50,.30000001
67841,epanutin 50mg capsules (waymade healthcare plc),1,phenytoin,1,,50,.30000001
21632,epanutin infatabs,1,phenytoin,1,,,.30000001
17177,epanutin infatabs 50mg chewable tablets (upjohn uk ltd),1,phenytoin,1,,50,.30000001
12469,epanutin ready-mixed parenteral 250mg/5ml solution for injection ampoules (upjohn uk ltd),1,phenytoin,1,,250,.30000001
18948,ephedrine /guaiphenesin /phenobarb/ theo 4.75 mg eli,1,phenobarbital,1,,4.75,.1
4195,epilim 100mg crushable tablets (sanofi),1,valproate,1,,100,1.5
38939,epilim 200 gastro-resistant tablets (sanofi),1,valproate,1,,200,1.5
2082,epilim 200mg/5ml liquid (sanofi),1,valproate,1,,200,1.5
82531,epilim 200mg/5ml liquid (waymade healthcare plc),1,valproate,1,,200,1.5
72233,epilim 200mg/5ml syrup (de pharmaceuticals),1,valproate,1,,200,1.5
71442,epilim 200mg/5ml syrup (lexon (uk) ltd),1,valproate,1,,200,1.5
4495,epilim 200mg/5ml syrup (sanofi),1,valproate,1,,200,1.5
38949,epilim 500 gastro-resistant tablets (sanofi),1,valproate,1,,500,1.5
74810,epilim 500 gastro-resistant tablets (waymade healthcare plc),1,valproate,1,,500,1.5
53195,epilim chrono 200 tablets (de pharmaceuticals),1,valproate,1,,200,1.5
49923,epilim chrono 200 tablets (lexon (uk) ltd),1,valproate,1,,200,1.5
3734,epilim chrono 200 tablets (sanofi),1,valproate,1,,200,1.5
79154,epilim chrono 200 tablets (sigma pharmaceuticals plc),1,valproate,1,,200,1.5
74026,epilim chrono 200 tablets (waymade healthcare plc),1,valproate,1,,200,1.5
53524,epilim chrono 300 tablets (de pharmaceuticals),1,valproate,1,,300,1.5
73122,epilim chrono 300 tablets (lexon (uk) ltd),1,valproate,1,,300,1.5
3733,epilim chrono 300 tablets (sanofi),1,valproate,1,,300,1.5
56136,epilim chrono 300 tablets (waymade healthcare plc),1,valproate,1,,300,1.5
63685,epilim chrono 500 tablets (de pharmaceuticals),1,valproate,1,,500,1.5
53501,epilim chrono 500 tablets (lexon (uk) ltd),1,valproate,1,,500,1.5
3107,epilim chrono 500 tablets (sanofi),1,valproate,1,,500,1.5
73990,epilim chrono 500 tablets (waymade healthcare plc),1,valproate,1,,500,1.5
42038,epilim chronosphere mr 1000mg granules sachets (sanofi),1,valproate,1,,1000,1.5
38507,epilim chronosphere mr 100mg granules sachets (sanofi),1,valproate,1,,100,1.5
38508,epilim chronosphere mr 250mg granules sachets (sanofi),1,valproate,1,,250,1.5
39279,epilim chronosphere mr 500mg granules sachets (sanofi),1,valproate,1,,500,1.5
39930,epilim chronosphere mr 50mg granules sachets (sanofi),1,valproate,1,,50,1.5
39550,epilim chronosphere mr 750mg granules sachets (sanofi),1,valproate,1,,750,1.5
19526,epilim crushable,1,valproate,1,,,1.5
3731,epilim ec 200mg gastro-resistant tablet (sanofi),1,valproate,1,,200,1.5
2822,epilim ec 500mg gastro-resistant tablet (sanofi),1,valproate,1,,500,1.5
20004,epilim intravenous 400mg powder and solvent for solution for injection vials (sanofi),1,valproate,1,,400,1.5
12932,epimaz 100mg tablets (ivax pharmaceuticals uk ltd),1,carbamazepine,,,100,1
18762,epimaz 200mg tablets (teva uk ltd),1,carbamazepine,,,200,1
18763,epimaz 400mg tablets (teva uk ltd),1,carbamazepine,,,400,1
12931,epimaz retard 200mg tablets (ivax pharmaceuticals uk ltd),1,carbamazepine,,,200,1
36634,episenta 1000mg modified-release granules sachets (desitin pharma ltd),1,valproate,,,1000,1.5
36633,episenta 150mg modified-release capsules (desitin pharma ltd),1,valproate,,,150,1.5
35747,episenta 300mg modified-release capsules (desitin pharma ltd),1,valproate,,,300,1.5
37584,episenta 500mg modified-release granules sachets (desitin pharma ltd),1,valproate,,,500,1.5
37611,epival cr 300mg tablets (healthcare pharma ltd),1,valproate,,,300,1.5
33058,epival cr 500mg tablets (healthcare pharma ltd),1,valproate,,,500,1.5
70612,eslicarbazepine 200mg tablets,1,eslicarbazepine,1,,200,.80000001
76850,eslicarbazepine 50mg/1ml oral suspension sugar free,1,eslicarbazepine,1,,50,.80000001
41758,eslicarbazepine 800mg tablets,1,eslicarbazepine,1,,800,.80000001
3108,ethosuximide 250mg capsules,1,ethosuximide,1,,250,1.25
5791,ethosuximide 250mg/5ml oral solution,1,ethosuximide,1,,250,1.25
76704,ethosuximide 250mg/5ml oral solution sugar free,1,ethosuximide,1,,250,1.25
70590,ethosuximide 250mg/5ml syrup (a a h pharmaceuticals ltd),1,ethosuximide,1,,250,1.25
69743,ethosuximide 250mg/5ml syrup (alliance healthcare (distribution) ltd),1,ethosuximide,1,,250,1.25
68482,ethosuximide 250mg/5ml syrup (essential pharma ltd),1,ethosuximide,1,,250,1.25
26920,ethosuximide pow,1,ethosuximide,1,,,1.25
53066,felbamate 600mg tablets,1,felbamate,1,,600,2.4000001
25903,fosphenytoin 750mg/10ml solution for injection vials,1,phenytoin,1,,750,.30000001
8487,frisium 10mg capsule (aventis pharma),1,clobazam,,,10,20
14388,frisium 10mg tablets (sanofi),1,clobazam,,,10,20
57510,frisium 10mg tablets (waymade healthcare plc),1,clobazam,,,10,20
82247,fycompa 0.5mg/ml oral suspension (eisai ltd),1,perampanel,1,,.5,8
59622,fycompa 10mg tablets (eisai ltd),1,perampanel,1,,10,8
60083,fycompa 12mg tablets (eisai ltd),1,perampanel,1,,12,8
54146,fycompa 2mg tablets (eisai ltd),1,perampanel,1,,2,8
54872,fycompa 4mg tablets (eisai ltd),1,perampanel,1,,4,8
57349,fycompa 6mg tablets (eisai ltd),1,perampanel,1,,6,8
54905,fycompa 8mg tablets (eisai ltd),1,perampanel,1,,8,8
660,gabapentin 100mg capsules,1,gabapentin,,,100,1.8
34606,gabapentin 100mg capsules (a a h pharmaceuticals ltd),1,gabapentin,,,100,1.8
58382,gabapentin 100mg capsules (actavis uk ltd),1,gabapentin,,,100,1.8
76604,gabapentin 100mg capsules (alliance healthcare (distribution) ltd),1,gabapentin,,,100,1.8
68049,gabapentin 100mg capsules (almus pharmaceuticals ltd),1,gabapentin,,,100,1.8
73635,gabapentin 100mg capsules (almus pharmaceuticals ltd),1,gabapentin,,,100,1.8
71013,gabapentin 100mg capsules (bristol laboratories ltd),1,gabapentin,,,100,1.8
78641,gabapentin 100mg capsules (ivax pharmaceuticals uk ltd),1,gabapentin,,,100,1.8
57120,gabapentin 100mg capsules (mylan),1,gabapentin,,,100,1.8
47579,gabapentin 100mg capsules (sandoz ltd),1,gabapentin,,,100,1.8
34506,gabapentin 100mg capsules (teva uk ltd),1,gabapentin,,,100,1.8
58960,gabapentin 100mg capsules (zentiva),1,gabapentin,,,100,1.8
64981,gabapentin 100mg/5ml oral solution,1,gabapentin,,,100,1.8
73587,gabapentin 100mg/5ml oral suspension,1,gabapentin,,,100,1.8
73047,gabapentin 150mg/5ml oral solution,1,gabapentin,,,150,1.8
63375,gabapentin 200mg/5ml oral solution,1,gabapentin,,,200,1.8
18211,gabapentin 250mg/5ml oral solution,1,gabapentin,,,250,1.8
44261,gabapentin 250mg/5ml oral solution (boots pharmaceuticals ltd),1,gabapentin,,,250,1.8
44022,gabapentin 250mg/5ml oral suspension,1,gabapentin,,,250,1.8
1584,gabapentin 300mg capsules,1,gabapentin,,,300,1.8
34716,gabapentin 300mg capsules (a a h pharmaceuticals ltd),1,gabapentin,,,300,1.8
77136,gabapentin 300mg capsules (accord healthcare ltd),1,gabapentin,,,300,1.8
53296,gabapentin 300mg capsules (actavis uk ltd),1,gabapentin,,,300,1.8
64302,gabapentin 300mg capsules (alliance healthcare (distribution) ltd),1,gabapentin,,,300,1.8
55535,gabapentin 300mg capsules (almus pharmaceuticals ltd),1,gabapentin,,,300,1.8
69914,gabapentin 300mg capsules (almus pharmaceuticals ltd),1,gabapentin,,,300,1.8
57649,gabapentin 300mg capsules (arrow generics ltd),1,gabapentin,,,300,1.8
55624,gabapentin 300mg capsules (bristol laboratories ltd),1,gabapentin,,,300,1.8
70954,gabapentin 300mg capsules (brown & burk uk ltd),1,gabapentin,,,300,1.8
60389,gabapentin 300mg capsules (creo pharma ltd),1,gabapentin,,,300,1.8
67969,gabapentin 300mg capsules (de pharmaceuticals),1,gabapentin,,,300,1.8
79400,gabapentin 300mg capsules (ivax pharmaceuticals uk ltd),1,gabapentin,,,300,1.8
66617,gabapentin 300mg capsules (medreich plc),1,gabapentin,,,300,1.8
48035,gabapentin 300mg capsules (mylan),1,gabapentin,,,300,1.8
68047,gabapentin 300mg capsules (phoenix healthcare distribution ltd),1,gabapentin,,,300,1.8
51118,gabapentin 300mg capsules (ranbaxy (uk) ltd),1,gabapentin,,,300,1.8
48060,gabapentin 300mg capsules (sandoz ltd),1,gabapentin,,,300,1.8
27454,gabapentin 300mg capsules (teva uk ltd),1,gabapentin,,,300,1.8
81124,gabapentin 300mg capsules (tillomed laboratories ltd),1,gabapentin,,,300,1.8
61266,gabapentin 300mg capsules (waymade healthcare plc),1,gabapentin,,,300,1.8
63432,gabapentin 300mg capsules (zentiva),1,gabapentin,,,300,1.8
53784,gabapentin 300mg/5ml oral solution,1,gabapentin,,,300,1.8
58472,gabapentin 300mg/5ml oral suspension,1,gabapentin,,,300,1.8
4781,gabapentin 400mg capsules,1,gabapentin,,,400,1.8
81635,gabapentin 400mg capsules (a a h pharmaceuticals ltd),1,gabapentin,,,400,1.8
78801,gabapentin 400mg capsules (alliance healthcare (distribution) ltd),1,gabapentin,,,400,1.8
58383,gabapentin 400mg capsules (almus pharmaceuticals ltd),1,gabapentin,,,400,1.8
82381,gabapentin 400mg capsules (bristol laboratories ltd),1,gabapentin,,,400,1.8
77695,gabapentin 400mg capsules (teva uk ltd),1,gabapentin,,,400,1.8
70459,gabapentin 400mg capsules (waymade healthcare plc),1,gabapentin,,,400,1.8
59196,gabapentin 400mg/5ml oral solution,1,gabapentin,,,400,1.8
25815,gabapentin 400mg/5ml oral suspension,1,gabapentin,,,400,1.8
70506,gabapentin 500mg/5ml oral solution,1,gabapentin,,,500,1.8
67091,gabapentin 50mg/5ml oral solution,1,gabapentin,,,50,1.8
76014,gabapentin 50mg/5ml oral suspension,1,gabapentin,,,50,1.8
54609,gabapentin 50mg/ml oral solution sugar free,1,gabapentin,,,50,1.8
64306,gabapentin 50mg/ml oral solution sugar free (alliance healthcare (distribution) ltd),1,gabapentin,,,50,1.8
72849,gabapentin 50mg/ml oral solution sugar free (rosemont pharmaceuticals ltd),1,gabapentin,,,50,1.8
5221,gabapentin 600mg tablets,1,gabapentin,,,600,1.8
44187,gabapentin 600mg tablets (a a h pharmaceuticals ltd),1,gabapentin,,,600,1.8
76435,gabapentin 600mg tablets (accord healthcare ltd),1,gabapentin,,,600,1.8
70738,gabapentin 600mg tablets (actavis uk ltd),1,gabapentin,,,600,1.8
64213,gabapentin 600mg tablets (de pharmaceuticals),1,gabapentin,,,600,1.8
82447,gabapentin 600mg tablets (kent pharmaceuticals ltd),1,gabapentin,,,600,1.8
70247,gabapentin 600mg tablets (milpharm ltd),1,gabapentin,,,600,1.8
34946,gabapentin 600mg tablets (teva uk ltd),1,gabapentin,,,600,1.8
59147,gabapentin 600mg tablets (zentiva),1,gabapentin,,,600,1.8
9979,gabapentin 600mg tablets and gabapentin 300mg capsules,1,gabapentin,,,600,1.8
58162,gabapentin 600mg/5ml oral solution,1,gabapentin,,,600,1.8
78410,gabapentin 600mg/5ml oral suspension,1,gabapentin,,,600,1.8
7538,gabapentin 800mg tablets,1,gabapentin,,,800,1.8
80504,gabapentin 800mg/5ml oral solution,1,gabapentin,,,800,1.8
20859,gabitril 10mg tablet (sanofi-synthelabo ltd),1,tiagabine,1,,10,30
25244,gabitril 10mg tablets (teva uk ltd),1,tiagabine,1,,10,30
26318,gabitril 15mg tablet (sanofi-synthelabo ltd),1,tiagabine,1,,15,30
24264,gabitril 15mg tablets (teva uk ltd),1,tiagabine,1,,15,30
18737,gabitril 5mg tablet (sanofi-synthelabo ltd),1,tiagabine,1,,5,30
32973,gabitril 5mg tablets (teva uk ltd),1,tiagabine,1,,5,30
24821,gardenal sodium 200mg/1ml solution for injection ampoules (concord pharmaceuticals ltd),1,phenobarbital,1,,200,.1
43919,inovelon 100mg tablets (eisai ltd),1,rufinamide,1,,100,1.4
37512,inovelon 200mg tablets (eisai ltd),1,rufinamide,1,,200,1.4
40521,inovelon 400mg tablets (eisai ltd),1,rufinamide,1,,400,1.4
75910,inovelon 40mg/ml oral suspension (eisai ltd),1,rufinamide,1,,40,1.4
80152,keppra 100mg/ml oral solution (ethigen ltd),1,levetiracetam,1,,100,1.5
51756,keppra 100mg/ml oral solution (lexon (uk) ltd),1,levetiracetam,1,,100,1.5
53016,keppra 100mg/ml oral solution (sigma pharmaceuticals plc),1,levetiracetam,1,,100,1.5
20640,keppra 100mg/ml oral solution (ucb pharma ltd),1,levetiracetam,1,,100,1.5
53343,keppra 1g tablets (lexon (uk) ltd),1,levetiracetam,1,,1000,1.5
15227,keppra 1g tablets (ucb pharma ltd),1,levetiracetam,1,,1000,1.5
81203,keppra 250mg tablets (cst pharma ltd),1,levetiracetam,1,,250,1.5
82574,keppra 250mg tablets (dowelhurst ltd),1,levetiracetam,1,,250,1.5
50110,keppra 250mg tablets (mawdsley-brooks & company ltd),1,levetiracetam,1,,250,1.5
61468,keppra 250mg tablets (necessity supplies ltd),1,levetiracetam,1,,250,1.5
52623,keppra 250mg tablets (sigma pharmaceuticals plc),1,levetiracetam,1,,250,1.5
6021,keppra 250mg tablets (ucb pharma ltd),1,levetiracetam,1,,250,1.5
53476,keppra 250mg tablets (waymade healthcare plc),1,levetiracetam,1,,250,1.5
52007,keppra 500mg tablets (sigma pharmaceuticals plc),1,levetiracetam,1,,500,1.5
10247,keppra 500mg tablets (ucb pharma ltd),1,levetiracetam,1,,500,1.5
82532,keppra 500mg tablets (waymade healthcare plc),1,levetiracetam,1,,500,1.5
36327,keppra 500mg/5ml concentrate for solution for infusion vials (ucb pharma ltd),1,levetiracetam,1,,500,1.5
71188,keppra 750mg tablets (mawdsley-brooks & company ltd),1,levetiracetam,1,,750,1.5
16080,keppra 750mg tablets (ucb pharma ltd),1,levetiracetam,1,,750,1.5
39126,lacosamide 100mg tablets,1,lacosamide,1,,100,.30000001
49084,lacosamide 10mg/ml oral solution sugar free,1,lacosamide,1,,10,.30000001
39259,lacosamide 150mg tablets,1,lacosamide,1,,150,.30000001
40372,lacosamide 15mg/ml oral solution sugar free,1,lacosamide,1,,15,.30000001
39385,lacosamide 200mg tablets,1,lacosamide,1,,200,.30000001
40291,lacosamide 200mg/20ml solution for infusion vials,1,lacosamide,1,,200,.30000001
38789,lacosamide 50mg tablets,1,lacosamide,1,,50,.30000001
5722,lamictal 100mg dispersible tablets (glaxosmithkline uk ltd),1,lamotrigine,,,100,.30000001
7023,lamictal 100mg tablets (glaxosmithkline uk ltd),1,lamotrigine,,,100,.30000001
10111,lamictal 200mg tablets (glaxosmithkline uk ltd),1,lamotrigine,,,200,.30000001
78519,lamictal 200mg tablets (lexon (uk) ltd),1,lamotrigine,,,200,.30000001
82562,lamictal 200mg tablets (waymade healthcare plc),1,lamotrigine,,,200,.30000001
11445,lamictal 25mg dispersible tablets (glaxosmithkline uk ltd),1,lamotrigine,,,25,.30000001
60424,lamictal 25mg dispersible tablets (lexon (uk) ltd),1,lamotrigine,,,25,.30000001
82590,lamictal 25mg dispersible tablets (waymade healthcare plc),1,lamotrigine,,,25,.30000001
51309,lamictal 25mg tablets (de pharmaceuticals),1,lamotrigine,,,25,.30000001
4586,lamictal 25mg tablets (glaxosmithkline uk ltd),1,lamotrigine,,,25,.30000001
51501,lamictal 25mg tablets (lexon (uk) ltd),1,lamotrigine,,,25,.30000001
82325,lamictal 25mg tablets (mawdsley-brooks & company ltd),1,lamotrigine,,,25,.30000001
19296,lamictal 2mg dispersible tablets (glaxosmithkline uk ltd),1,lamotrigine,,,2,.30000001
65965,lamictal 50mg tablets (de pharmaceuticals),1,lamotrigine,,,50,.30000001
7022,lamictal 50mg tablets (glaxosmithkline uk ltd),1,lamotrigine,,,50,.30000001
80290,lamictal 50mg tablets (mawdsley-brooks & company ltd),1,lamotrigine,,,50,.30000001
15126,lamictal 5mg dispersible tablets (glaxosmithkline uk ltd),1,lamotrigine,,,5,.30000001
27221,lamictal non-valproate add-on start pack tab 25 mg,1,lamotrigine,,,25,1.5
5907,lamotrigine 100mg dispersible tablets sugar free,1,lamotrigine,,,100,.30000001
59609,lamotrigine 100mg dispersible tablets sugar free (a a h pharmaceuticals ltd),1,lamotrigine,,,100,.30000001
68859,lamotrigine 100mg dispersible tablets sugar free (actavis uk ltd),1,lamotrigine,,,100,.30000001
80573,lamotrigine 100mg dispersible tablets sugar free (mylan),1,lamotrigine,,,100,.30000001
67622,lamotrigine 100mg dispersible tablets sugar free (pliva pharma ltd),1,lamotrigine,,,100,.30000001
59241,lamotrigine 100mg dispersible tablets sugar free (teva uk ltd),1,lamotrigine,,,100,.30000001
5076,lamotrigine 100mg tablets,1,lamotrigine,,,100,.30000001
59120,lamotrigine 100mg tablets (a a h pharmaceuticals ltd),1,lamotrigine,,,100,.30000001
61624,lamotrigine 100mg tablets (accord healthcare ltd),1,lamotrigine,,,100,.30000001
29620,lamotrigine 100mg tablets (actavis uk ltd),1,lamotrigine,,,100,.30000001
59125,lamotrigine 100mg tablets (alliance healthcare (distribution) ltd),1,lamotrigine,,,100,.30000001
66974,lamotrigine 100mg tablets (bristol laboratories ltd),1,lamotrigine,,,100,.30000001
64600,lamotrigine 100mg tablets (kent pharmaceuticals ltd),1,lamotrigine,,,100,.30000001
80371,lamotrigine 100mg tablets (mylan),1,lamotrigine,,,100,.30000001
79580,lamotrigine 100mg tablets (sigma pharmaceuticals plc),1,lamotrigine,,,100,.30000001
39715,lamotrigine 100mg tablets (teva uk ltd),1,lamotrigine,,,100,.30000001
65046,lamotrigine 15mg/5ml oral suspension,1,lamotrigine,,,15,.30000001
3886,lamotrigine 200mg tablets,1,lamotrigine,,,200,.30000001
60268,lamotrigine 200mg tablets (a a h pharmaceuticals ltd),1,lamotrigine,,,200,.30000001
61625,lamotrigine 200mg tablets (accord healthcare ltd),1,lamotrigine,,,200,.30000001
80363,lamotrigine 200mg tablets (actavis uk ltd),1,lamotrigine,,,200,.30000001
81647,lamotrigine 200mg tablets (milpharm ltd),1,lamotrigine,,,200,.30000001
66417,lamotrigine 200mg tablets (teva uk ltd),1,lamotrigine,,,200,.30000001
60578,lamotrigine 200mg tablets (waymade healthcare plc),1,lamotrigine,,,200,.30000001
5658,lamotrigine 25mg dispersible tablets sugar free,1,lamotrigine,,,25,.30000001
48164,lamotrigine 25mg dispersible tablets sugar free (a a h pharmaceuticals ltd),1,lamotrigine,,,25,.30000001
63973,lamotrigine 25mg dispersible tablets sugar free (actavis uk ltd),1,lamotrigine,,,25,.30000001
35732,lamotrigine 25mg dispersible tablets sugar free (arrow generics ltd),1,lamotrigine,,,25,.30000001
80450,lamotrigine 25mg dispersible tablets sugar free (mylan),1,lamotrigine,,,25,.30000001
67633,lamotrigine 25mg dispersible tablets sugar free (pliva pharma ltd),1,lamotrigine,,,25,.30000001
59242,lamotrigine 25mg dispersible tablets sugar free (teva uk ltd),1,lamotrigine,,,25,.30000001
56504,lamotrigine 25mg dispersible tablets sugar free (tillomed laboratories ltd),1,lamotrigine,,,25,.30000001
77468,lamotrigine 25mg dispersible tablets sugar free (waymade healthcare plc),1,lamotrigine,,,25,.30000001
2079,lamotrigine 25mg tablets,1,lamotrigine,,,25,.30000001
50235,lamotrigine 25mg tablets (a a h pharmaceuticals ltd),1,lamotrigine,,,25,.30000001
49532,lamotrigine 25mg tablets (accord healthcare ltd),1,lamotrigine,,,25,.30000001
29619,lamotrigine 25mg tablets (actavis uk ltd),1,lamotrigine,,,25,.30000001
59318,lamotrigine 25mg tablets (alliance healthcare (distribution) ltd),1,lamotrigine,,,25,.30000001
48182,lamotrigine 25mg tablets (arrow generics ltd),1,lamotrigine,,,25,.30000001
55644,lamotrigine 25mg tablets (bristol laboratories ltd),1,lamotrigine,,,25,.30000001
73632,lamotrigine 25mg tablets (consilient health ltd),1,lamotrigine,,,25,.30000001
67477,lamotrigine 25mg tablets (de pharmaceuticals),1,lamotrigine,,,25,.30000001
47963,lamotrigine 25mg tablets (fannin uk ltd),1,lamotrigine,,,25,.30000001
76160,lamotrigine 25mg tablets (mawdsley-brooks & company ltd),1,lamotrigine,,,25,.30000001
81646,lamotrigine 25mg tablets (milpharm ltd),1,lamotrigine,,,25,.30000001
32920,lamotrigine 25mg tablets (mylan),1,lamotrigine,,,25,.30000001
39714,lamotrigine 25mg tablets (teva uk ltd),1,lamotrigine,,,25,.30000001
70939,lamotrigine 25mg tablets (waymade healthcare plc),1,lamotrigine,,,25,.30000001
6409,lamotrigine 2mg dispersible tablets sugar free,1,lamotrigine,,,2,.30000001
16149,lamotrigine 50mg dispersible tablets sugar free,1,lamotrigine,,,50,.30000001
45572,lamotrigine 50mg suppository,1,lamotrigine,,,50,.30000001
2080,lamotrigine 50mg tablets,1,lamotrigine,,,50,.30000001
59273,lamotrigine 50mg tablets (a a h pharmaceuticals ltd),1,lamotrigine,,,50,.30000001
61623,lamotrigine 50mg tablets (accord healthcare ltd),1,lamotrigine,,,50,.30000001
39506,lamotrigine 50mg tablets (actavis uk ltd),1,lamotrigine,,,50,.30000001
57863,lamotrigine 50mg tablets (alliance healthcare (distribution) ltd),1,lamotrigine,,,50,.30000001
67904,lamotrigine 50mg tablets (bristol laboratories ltd),1,lamotrigine,,,50,.30000001
77187,lamotrigine 50mg tablets (consilient health ltd),1,lamotrigine,,,50,.30000001
75423,lamotrigine 50mg tablets (de pharmaceuticals),1,lamotrigine,,,50,.30000001
47817,lamotrigine 50mg tablets (ivax pharmaceuticals uk ltd),1,lamotrigine,,,50,.30000001
72821,lamotrigine 50mg tablets (kent pharmaceuticals ltd),1,lamotrigine,,,50,.30000001
81880,lamotrigine 50mg tablets (milpharm ltd),1,lamotrigine,,,50,.30000001
62869,lamotrigine 50mg tablets (sigma pharmaceuticals plc),1,lamotrigine,,,50,.30000001
46775,lamotrigine 50mg tablets (teva uk ltd),1,lamotrigine,,,50,.30000001
60804,lamotrigine 50mg/5ml oral suspension,1,lamotrigine,,,50,.30000001
2081,lamotrigine 5mg dispersible tablets sugar free,1,lamotrigine,,,5,.30000001
69807,lamotrigine 5mg dispersible tablets sugar free (a a h pharmaceuticals ltd),1,lamotrigine,,,5,.30000001
54276,lamotrigine 5mg dispersible tablets sugar free (actavis uk ltd),1,lamotrigine,,,5,.30000001
82262,lamotrigine 5mg dispersible tablets sugar free (alliance healthcare (distribution) ltd),1,lamotrigine,,,5,.30000001
67631,lamotrigine 5mg dispersible tablets sugar free (pliva pharma ltd),1,lamotrigine,,,5,.30000001
78008,lamotrigine 5mg dispersible tablets sugar free (teva uk ltd),1,lamotrigine,,,5,.30000001
65969,lamotrigine 5mg/5ml oral solution,1,lamotrigine,,,5,.30000001
72068,lecaent 150mg capsules (accord healthcare ltd),1,pregabalin,,,150,.30000001
71221,lecaent 200mg capsules (accord healthcare ltd),1,pregabalin,,,200,.30000001
71659,lecaent 25mg capsules (accord healthcare ltd),1,pregabalin,,,25,.30000001
69877,lecaent 300mg capsules (actavis uk ltd),1,pregabalin,,,300,.30000001
65218,lecaent 50mg capsules (accord healthcare ltd),1,pregabalin,,,50,.30000001
66941,lecaent 75mg capsules (actavis uk ltd),1,pregabalin,,,75,.30000001
6858,levetiracetam 100mg/ml oral solution sugar free,1,levetiracetam,1,,100,1.5
53307,levetiracetam 100mg/ml oral solution sugar free (a a h pharmaceuticals ltd),1,levetiracetam,1,,100,1.5
65827,levetiracetam 100mg/ml oral solution sugar free (actavis uk ltd),1,levetiracetam,1,,100,1.5
61166,levetiracetam 100mg/ml oral solution sugar free (beacon pharmaceuticals ltd),1,levetiracetam,1,,100,1.5
82875,levetiracetam 100mg/ml oral solution sugar free (crescent pharma ltd),1,levetiracetam,1,,100,1.5
54571,levetiracetam 1g granules sachets sugar free,1,levetiracetam,1,,1000,1.5
6047,levetiracetam 1g tablets,1,levetiracetam,1,,1000,1.5
74318,levetiracetam 1g tablets (accord healthcare ltd),1,levetiracetam,1,,1000,1.5
77500,levetiracetam 1g tablets (lupin healthcare (uk) ltd),1,levetiracetam,1,,1000,1.5
64817,levetiracetam 1g tablets (rivopharm (uk) ltd),1,levetiracetam,1,,1000,1.5
63372,levetiracetam 1g tablets (zentiva),1,levetiracetam,1,,1000,1.5
54500,levetiracetam 250mg granules sachets sugar free,1,levetiracetam,1,,250,1.5
6022,levetiracetam 250mg tablets,1,levetiracetam,1,,250,1.5
64026,levetiracetam 250mg tablets (a a h pharmaceuticals ltd),1,levetiracetam,1,,250,1.5
59128,levetiracetam 250mg tablets (accord healthcare ltd),1,levetiracetam,1,,250,1.5
63842,levetiracetam 250mg tablets (actavis uk ltd),1,levetiracetam,1,,250,1.5
82463,levetiracetam 250mg tablets (arrow generics ltd),1,levetiracetam,1,,250,1.5
73390,levetiracetam 250mg tablets (bristol laboratories ltd),1,levetiracetam,1,,250,1.5
61462,levetiracetam 250mg tablets (de pharmaceuticals),1,levetiracetam,1,,250,1.5
79570,levetiracetam 250mg tablets (milpharm ltd),1,levetiracetam,1,,250,1.5
54632,levetiracetam 250mg tablets (teva uk ltd),1,levetiracetam,1,,250,1.5
79153,levetiracetam 250mg tablets (torrent pharma (uk) ltd),1,levetiracetam,1,,250,1.5
58706,levetiracetam 250mg tablets (zentiva),1,levetiracetam,1,,250,1.5
58179,levetiracetam 250mg/5ml oral solution,1,levetiracetam,1,,250,1.5
56755,levetiracetam 250mg/5ml oral suspension,1,levetiracetam,1,,250,1.5
72330,levetiracetam 400mg/5ml oral solution,1,levetiracetam,1,,400,1.5
55253,levetiracetam 500mg granules sachets sugar free,1,levetiracetam,1,,500,1.5
6068,levetiracetam 500mg tablets,1,levetiracetam,1,,500,1.5
67483,levetiracetam 500mg tablets (a a h pharmaceuticals ltd),1,levetiracetam,1,,500,1.5
51108,levetiracetam 500mg tablets (accord healthcare ltd),1,levetiracetam,1,,500,1.5
78276,levetiracetam 500mg tablets (actavis uk ltd),1,levetiracetam,1,,500,1.5
54739,levetiracetam 500mg tablets (alliance healthcare (distribution) ltd),1,levetiracetam,1,,500,1.5
54631,levetiracetam 500mg tablets (teva uk ltd),1,levetiracetam,1,,500,1.5
75067,levetiracetam 500mg tablets (zentiva),1,levetiracetam,1,,500,1.5
78842,levetiracetam 500mg/5ml concentrate for solution for infusion vials (bowmed ibisqus ltd),1,levetiracetam,1,,500,1.5
82919,levetiracetam 500mg/5ml concentrate for solution for infusion vials (consilient health ltd),1,levetiracetam,1,,500,1.5
80213,levetiracetam 500mg/5ml concentrate for solution for infusion vials (intrapharm laboratories ltd),1,levetiracetam,1,,500,1.5
73524,levetiracetam 500mg/5ml concentrate for solution for infusion vials (kent pharmaceuticals ltd),1,levetiracetam,1,,500,1.5
76309,levetiracetam 500mg/5ml concentrate for solution for infusion vials (pfizer ltd),1,levetiracetam,1,,500,1.5
79759,levetiracetam 500mg/5ml concentrate for solution for infusion vials (sciecure pharma ltd),1,levetiracetam,1,,500,1.5
69706,levetiracetam 500mg/5ml concentrate for solution for infusion vials (wockhardt uk ltd),1,levetiracetam,1,,500,1.5
69672,levetiracetam 500mg/5ml solution for infusion ampoules,1,levetiracetam,1,,500,1.5
22763,levetiracetam 500mg/5ml solution for infusion vials,1,levetiracetam,1,,500,1.5
11715,levetiracetam 750mg tablets,1,levetiracetam,1,,750,1.5
76690,levetiracetam 750mg tablets (a a h pharmaceuticals ltd),1,levetiracetam,1,,750,1.5
75739,levetiracetam 750mg tablets (accord healthcare ltd),1,levetiracetam,1,,750,1.5
78277,levetiracetam 750mg tablets (actavis uk ltd),1,levetiracetam,1,,750,1.5
77084,levetiracetam 750mg tablets (zentiva),1,levetiracetam,1,,750,1.5
32783,luminal 15mg tablet (sanofi-synthelabo ltd),1,phenobarbital,1,,15,.1
21488,luminal 30mg tablet (sanofi-synthelabo ltd),1,phenobarbital,1,,30,.1
25285,luminal 60mg tablet (sanofi-synthelabo ltd),1,phenobarbital,1,,60,.1
77221,lyrica 100mg capsules (sigma pharmaceuticals plc),1,pregabalin,,,100,.30000001
7208,lyrica 100mg capsules (upjohn uk ltd),1,pregabalin,,,100,.30000001
48253,lyrica 150mg capsules (lexon (uk) ltd),1,pregabalin,,,150,.30000001
64568,lyrica 150mg capsules (sigma pharmaceuticals plc),1,pregabalin,,,150,.30000001
16509,lyrica 150mg capsules (upjohn uk ltd),1,pregabalin,,,150,.30000001
7394,lyrica 200mg capsules (upjohn uk ltd),1,pregabalin,,,200,.30000001
51924,lyrica 20mg/ml oral solution (upjohn uk ltd),1,pregabalin,,,20,.30000001
38293,lyrica 225mg capsules (upjohn uk ltd),1,pregabalin,,,225,.30000001
69781,lyrica 25mg capsules (lexon (uk) ltd),1,pregabalin,,,25,.30000001
16542,lyrica 25mg capsules (upjohn uk ltd),1,pregabalin,,,25,.30000001
79320,lyrica 300mg capsules (sigma pharmaceuticals plc),1,pregabalin,,,300,.30000001
10189,lyrica 300mg capsules (upjohn uk ltd),1,pregabalin,,,300,.30000001
73387,lyrica 50mg capsules (de pharmaceuticals),1,pregabalin,,,50,.30000001
73455,lyrica 50mg capsules (lexon (uk) ltd),1,pregabalin,,,50,.30000001
67184,lyrica 50mg capsules (mawdsley-brooks & company ltd),1,pregabalin,,,50,.30000001
7209,lyrica 50mg capsules (upjohn uk ltd),1,pregabalin,,,50,.30000001
52547,lyrica 50mg capsules (waymade healthcare plc),1,pregabalin,,,50,.30000001
69501,lyrica 75mg capsules (de pharmaceuticals),1,pregabalin,,,75,.30000001
68014,lyrica 75mg capsules (lexon (uk) ltd),1,pregabalin,,,75,.30000001
65863,lyrica 75mg capsules (stephar (u.k.) ltd),1,pregabalin,,,75,.30000001
6584,lyrica 75mg capsules (upjohn uk ltd),1,pregabalin,,,75,.30000001
64497,lyrica 75mg capsules (waymade healthcare plc),1,pregabalin,,,75,.30000001
62588,matever 250mg tablets (aspire pharma ltd),1,levetiracetam,1,,250,1.5
63042,matever 500mg tablets (aspire pharma ltd),1,levetiracetam,1,,500,1.5
61793,matever 750mg tablets (aspire pharma ltd),1,levetiracetam,1,,750,1.5
41186,mesuximide 300mg capsule,1,mesuximide,1,,300,.89999998
15022,methylphenobarbital 200mg tablet,1,phenobarbital,1,,200,.1
23768,methylphenobarbital 30mg tablet,1,phenobarbital,1,,30,.1
23767,methylphenobarbital 60mg tablet,1,phenobarbital,1,,60,.1
4456,mysoline 250mg tablet (astrazeneca uk ltd),1,primidone,,,250,1.25
59047,mysoline 250mg tablets (de pharmaceuticals),1,phenobarbital,1,,250,1.25
76518,mysoline 250mg tablets (lexon (uk) ltd),1,phenobarbital,1,,250,1.25
10092,mysoline 250mg tablets (serb),1,phenobarbital,1,,250,1.25
71131,mysoline 250mg tablets (waymade healthcare plc),1,phenobarbital,1,,250,1.25
15030,mysoline 250mg/5ml oral suspension (astrazeneca uk ltd),1,primidone,,,250,1.25
45476,mysoline 50mg tablets (serb),1,phenobarbital,1,,50,1.25
10007,neurontin 100mg capsules (upjohn uk ltd),1,gabapentin,,,100,1.8
82558,neurontin 100mg capsules (waymade healthcare plc),1,gabapentin,,,100,1.8
57527,neurontin 300mg capsules (dowelhurst ltd),1,gabapentin,,,300,1.8
6304,neurontin 300mg capsules (upjohn uk ltd),1,gabapentin,,,300,1.8
16215,neurontin 400mg capsules (upjohn uk ltd),1,gabapentin,,,400,1.8
17564,neurontin 600mg tablets (upjohn uk ltd),1,gabapentin,,,600,1.8
28713,neurontin 800mg tablets (upjohn uk ltd),1,gabapentin,,,800,1.8
16404,neurontin titration pack (pfizer ltd),1,gabapentin,,,,1.8
9110,nydrane 500mg tablet (lipha pharmaceuticals ltd),1,beclamide,,,500,
17152,orlept 200mg gastro-resistant tablets (wockhardt uk ltd),1,valproate,,,200,1.5
8885,orlept 500mg gastro-resistant tablets (wockhardt uk ltd),1,valproate,,,500,1.5
24153,orlept sf 200mg/5ml liquid (wockhardt uk ltd),1,valproate,,,200,1.5
80222,ospolot 50mg tablets (imported (germany)),1,sulthiame,1,,50,.40000001
35987,ospolot fc 50mg tablet (idis world medicines),1,sulthiame,1,,50,.40000001
6552,oxcarbazepine 150mg tablets,1,oxcarbazepine,1,,150,1
77220,oxcarbazepine 150mg tablets (teva uk ltd),1,oxcarbazepine,1,,150,1
5449,oxcarbazepine 300mg tablets,1,oxcarbazepine,1,,300,1
67221,oxcarbazepine 300mg tablets (actavis uk ltd),1,oxcarbazepine,1,,300,1
6436,oxcarbazepine 600mg tablets,1,oxcarbazepine,1,,600,1
14199,oxcarbazepine 60mg/ml oral suspension sugar free,1,oxcarbazepine,1,,60,1
29641,paramethadione 300 mg cap,1,ethadione,,,300,
21854,pentran 100mg tablet (berk pharmaceuticals ltd),1,phenytoin,1,,100,.30000001
30392,pentran 50mg tablet (berk pharmaceuticals ltd),1,phenytoin,1,,50,.30000001
54594,perampanel 10mg tablets,1,perampanel,1,,10,8
54595,perampanel 12mg tablets,1,perampanel,1,,12,8
50285,perampanel 2mg tablets,1,perampanel,1,,2,8
53082,perampanel 4mg tablets,1,perampanel,1,,4,8
72897,perampanel 4mg/5ml oral suspension,1,perampanel,1,,4,8
78693,perampanel 500micrograms/ml oral suspension sugar free,1,perampanel,1,,.5,8
54194,perampanel 6mg tablets,1,perampanel,1,,6,8
54195,perampanel 8mg tablets,1,perampanel,1,,8,8
69764,perizam 1mg/ml oral suspension (rosemont pharmaceuticals ltd),1,clobazam,,,1,20
69437,perizam 2mg/ml oral suspension (rosemont pharmaceuticals ltd),1,clobazam,,,2,20
80771,phenobarbital 100mg capsules,1,phenobarbital,1,,100,1.25
4496,phenobarbital 100mg tablet,1,phenobarbital,1,,100,.1
79287,phenobarbital 100mg/5ml oral solution (special order),1,phenobarbital,1,,100,1.25
57247,phenobarbital 100mg/5ml oral suspension,1,phenobarbital,1,,100,1.25
74019,phenobarbital 10mg capsules,1,phenobarbital,1,,10,1.25
80503,phenobarbital 10mg/5ml oral solution (special order),1,phenobarbital,1,,10,1.25
64063,phenobarbital 10mg/5ml oral suspension,1,phenobarbital,1,,10,1.25
75758,phenobarbital 150mg/5ml oral solution,1,phenobarbital,1,,150,1.25
41973,phenobarbital 15mg tablet (celltech pharma europe ltd),1,phenobarbital,1,,15,.1
5439,phenobarbital 15mg tablets,1,phenobarbital,1,,15,1.25
59868,phenobarbital 15mg tablets (a a h pharmaceuticals ltd),1,phenobarbital,1,,15,1.25
67473,phenobarbital 15mg tablets (accord healthcare ltd),1,phenobarbital,1,,15,1.25
62601,phenobarbital 15mg tablets (alliance healthcare (distribution) ltd),1,phenobarbital,1,,15,1.25
59795,phenobarbital 15mg tablets (bristol laboratories ltd),1,phenobarbital,1,,15,1.25
59574,phenobarbital 15mg tablets (kent pharmaceuticals ltd),1,phenobarbital,1,,15,1.25
69478,phenobarbital 15mg tablets (sigma pharmaceuticals plc),1,phenobarbital,1,,15,1.25
29306,phenobarbital 15mg tablets (teva uk ltd),1,phenobarbital,1,,15,1.25
23237,phenobarbital 15mg/1ml solution for injection ampoules,1,phenobarbital,1,,15,.1
202,phenobarbital 15mg/5ml elixir,1,phenobarbital,1,,15,1.25
59232,phenobarbital 15mg/5ml elixir (a a h pharmaceuticals ltd),1,phenobarbital,1,,15,1.25
58905,phenobarbital 15mg/5ml elixir (alliance healthcare (distribution) ltd),1,phenobarbital,1,,15,1.25
59065,phenobarbital 15mg/5ml elixir (thornton & ross ltd),1,phenobarbital,1,,15,1.25
60212,phenobarbital 15mg/5ml oral solution,1,phenobarbital,1,,15,1.25
78303,phenobarbital 15mg/5ml oral solution (special order),1,phenobarbital,1,,15,1.25
34275,phenobarbital 15mg/5ml oral solution (william ransom),1,phenobarbital,1,,15,.1
60648,phenobarbital 15mg/5ml oral suspension,1,phenobarbital,1,,15,1.25
14763,phenobarbital 200mg/1ml solution for injection ampoules,1,phenobarbital,1,,200,1.25
66677,phenobarbital 200mg/1ml solution for injection ampoules (a a h pharmaceuticals ltd),1,phenobarbital,1,,200,1.25
70861,phenobarbital 200mg/1ml solution for injection ampoules (martindale pharmaceuticals ltd),1,phenobarbital,1,,200,1.25
39618,phenobarbital 20mg/5ml oral solution,1,phenobarbital,1,,20,1.25
55019,phenobarbital 250mg/5ml oral suspension,1,phenobarbital,1,,250,1.25
57722,phenobarbital 25mg/5ml oral solution,1,phenobarbital,1,,25,1.25
64656,phenobarbital 25mg/5ml oral suspension,1,phenobarbital,1,,25,1.25
79388,phenobarbital 30mg tablet (c p pharmaceuticals ltd),1,phenobarbital,1,,30,.1
79385,phenobarbital 30mg tablet (celltech pharma europe ltd),1,phenobarbital,1,,30,.1
1576,phenobarbital 30mg tablets,1,phenobarbital,1,,30,1.25
25543,phenobarbital 30mg tablets (a a h pharmaceuticals ltd),1,phenobarbital,1,,30,1.25
33323,phenobarbital 30mg tablets (accord healthcare ltd),1,phenobarbital,1,,30,1.25
59715,phenobarbital 30mg tablets (alliance healthcare (distribution) ltd),1,phenobarbital,1,,30,1.25
58846,phenobarbital 30mg tablets (almus pharmaceuticals ltd),1,phenobarbital,1,,30,1.25
59136,phenobarbital 30mg tablets (bristol laboratories ltd),1,phenobarbital,1,,30,1.25
77166,phenobarbital 30mg tablets (de pharmaceuticals),1,phenobarbital,1,,30,1.25
56880,phenobarbital 30mg tablets (kent pharmaceuticals ltd),1,phenobarbital,1,,30,1.25
28945,phenobarbital 30mg tablets (teva uk ltd),1,phenobarbital,1,,30,1.25
65477,phenobarbital 30mg tablets (waymade healthcare plc),1,phenobarbital,1,,30,1.25
18457,phenobarbital 30mg/1ml solution for injection ampoules,1,phenobarbital,1,,30,1.25
77976,phenobarbital 30mg/1ml solution for injection ampoules (a a h pharmaceuticals ltd),1,phenobarbital,1,,30,1.25
74034,phenobarbital 30mg/5ml oral solution,1,phenobarbital,1,,30,1.25
58532,phenobarbital 34mg/5ml oral suspension,1,phenobarbital,1,,34,1.25
75733,phenobarbital 45mg/5ml oral solution (special order),1,phenobarbital,1,,45,1.25
51326,phenobarbital 50mg/5ml oral solution,1,phenobarbital,1,,50,1.25
10273,phenobarbital 50mg/5ml oral solution,1,phenobarbital,1,,50,.1
59917,phenobarbital 50mg/5ml oral solution (special order),1,phenobarbital,1,,50,1.25
35164,phenobarbital 50mg/5ml oral suspension,1,phenobarbital,1,,50,1.25
61217,phenobarbital 50mg/5ml oral suspension (special order),1,phenobarbital,1,,50,1.25
63565,phenobarbital 5mg/5ml oral solution,1,phenobarbital,1,,5,1.25
71426,phenobarbital 60mg capsules,1,phenobarbital,1,,60,1.25
47812,phenobarbital 60mg tablet (celltech pharma europe ltd),1,phenobarbital,1,,60,.1
1399,phenobarbital 60mg tablets,1,phenobarbital,1,,60,1.25
58891,phenobarbital 60mg tablets (a a h pharmaceuticals ltd),1,phenobarbital,1,,60,1.25
24138,phenobarbital 60mg tablets (accord healthcare ltd),1,phenobarbital,1,,60,1.25
62392,phenobarbital 60mg tablets (alliance healthcare (distribution) ltd),1,phenobarbital,1,,60,1.25
77639,phenobarbital 60mg tablets (bristol laboratories ltd),1,phenobarbital,1,,60,1.25
60059,phenobarbital 60mg tablets (kent pharmaceuticals ltd),1,phenobarbital,1,,60,1.25
33372,phenobarbital 60mg tablets (teva uk ltd),1,phenobarbital,1,,60,1.25
14762,phenobarbital 60mg/1ml solution for injection ampoules,1,phenobarbital,1,,60,1.25
67372,phenobarbital 60mg/1ml solution for injection ampoules (a a h pharmaceuticals ltd),1,phenobarbital,1,,60,1.25
59013,phenobarbital 60mg/5ml oral solution,1,phenobarbital,1,,60,1.25
45370,phenobarbital 75mg/5ml oral solution,1,phenobarbital,1,,75,1.25
55502,phenobarbital 75mg/5ml oral suspension,1,phenobarbital,1,,75,1.25
70849,phenobarbital capsule,1,phenobarbital,1,,,.1
75195,phenobarbital oral liquid,1,phenobarbital,1,,,.1
55796,phenobarbital sodium 15mg/5ml oral solution,1,phenobarbital,1,,15,1.25
64972,phenobarbital sodium 15mg/5ml oral solution (special order),1,phenobarbital,1,,15,1.25
60598,phenobarbital sodium 15mg/5ml oral suspension,1,phenobarbital,1,,15,1.25
3225,phenobarbital sodium 30mg tablet,1,phenobarbital,1,,30,.1
50442,phenobarbital sodium 50mg/5ml oral solution,1,phenobarbital,1,,50,1.25
64561,phenobarbital sodium 50mg/5ml oral solution (special order),1,phenobarbital,1,,50,1.25
61375,phenobarbital sodium 50mg/5ml oral suspension,1,phenobarbital,1,,50,1.25
62173,phenobarbital sodium 50mg/5ml oral suspension (special order),1,phenobarbital,1,,50,1.25
19907,phenobarbital sodium 60mg tablet,1,phenobarbital,1,,60,.1
80486,phenobarbital sodium oral liquid,1,phenobarbital,1,,,.1
30537,phenobarbital sodium powder,1,phenobarbital,1,,,.1
12688,phenobarbital sodium powder,1,phenobarbital,1,,,.1
25270,phenobarbital sodium powder (thornton & ross ltd),1,phenobarbital,1,,,.1
22131,phenobarbitone & phenytoin 60 mg cap,1,phenobarbital,1,,60,.30000001
27422,phenobarbitone 10 mg pul,1,phenobarbital,1,,10,.1
13312,phenobarbitone 10 mg tab,1,phenobarbital,1,,10,.1
29321,phenobarbitone 100 mg spa,1,phenobarbital,1,,100,.1
7418,phenobarbitone 15 mg cap,1,phenobarbital,1,,15,.1
7461,phenobarbitone 15 mg sup,1,phenobarbital,1,,15,.1
20535,phenobarbitone 20 mg tab,1,phenobarbital,1,,20,.1
22412,phenobarbitone 22.5 mg tab,1,phenobarbital,1,,22.5,.1
8214,phenobarbitone 30 mg cap,1,phenobarbital,1,,30,.1
23876,phenobarbitone 30 mg eli,1,phenobarbital,1,,30,.1
27775,phenobarbitone 5 mg eli,1,phenobarbital,1,,5,.1
15480,phenobarbitone 5 mg tab,1,phenobarbital,1,,5,.1
22775,phenobarbitone 50 mg cap,1,phenobarbital,1,,50,.1
10416,phenobarbitone 50 mg tab,1,phenobarbital,1,,50,.1
59520,phenobarbitone 50mg & phenytoin 100mg mg cap,1,phenobarbital,1,,50,.30000001
8629,phenobarbitone 60 mg spa,1,phenobarbital,1,,60,.1
22286,phenobarbitone 60mg & phenytoin 100mg mg tab,1,phenobarbital,1,,60,.30000001
27344,phenobarbitone 7.5 mg tab,1,phenobarbital,1,,7.5,.1
27194,phenobarbitone s/r 100 mg cap,1,phenobarbital,1,,100,.1
11948,phenobarbitone s/r 60 mg cap,1,phenobarbital,1,,60,.1
22103,phenobarbitone sodium 100 mg tab,1,phenobarbital,1,,100,.1
24841,phenobarbitone sodium 15 mg tab,1,phenobarbital,1,,15,.1
10576,phenobarbitone sodium 50 mg tab,1,phenobarbital,1,,50,.1
17903,phenobarbitone sodium alcohol free 50 mg/5ml mix,1,phenobarbital,1,,50,.1
27881,phenytoin,1,phenytoin,1,,,.30000001
27541,phenytoin,1,phenytoin,1,,,.30000001
1370,phenytoin 100mg capsule,1,phenytoin,1,,100,.30000001
47670,phenytoin 100mg capsule (actavis uk ltd),1,phenytoin,1,,100,.30000001
62650,phenytoin 100mg tablet (berk pharmaceuticals ltd),1,phenytoin,1,,100,.30000001
8452,phenytoin 150 mg sus,1,phenytoin,1,,150,.30000001
19326,phenytoin 25 mg syr,1,phenytoin,1,,25,.30000001
107,phenytoin 25mg capsule,1,phenytoin,1,,25,.30000001
15106,phenytoin 30 mg tab,1,phenytoin,1,,30,.30000001
3068,phenytoin 300mg capsule,1,phenytoin,1,,300,.30000001
54984,phenytoin 300mg/5ml oral solution,1,phenytoin,1,,300,.30000001
63271,phenytoin 300mg/5ml oral solution (special order),1,phenytoin,1,,300,.30000001
67150,phenytoin 300mg/5ml oral suspension (special order),1,phenytoin,1,,300,.30000001
4490,phenytoin 30mg/5ml oral suspension,1,phenytoin,1,,30,.30000001
2128,phenytoin 50mg capsule,1,phenytoin,1,,50,.30000001
14857,phenytoin 50mg chewable tablets,1,phenytoin,1,,50,.30000001
78445,phenytoin 50mg tablet (berk pharmaceuticals ltd),1,phenytoin,1,,50,.30000001
75575,phenytoin 50mg tablet (ivax pharmaceuticals uk ltd),1,phenytoin,1,,50,.30000001
58539,phenytoin 90mg/5ml oral solution,1,phenytoin,1,,90,.30000001
9678,phenytoin 90mg/5ml oral solution sugar free,1,phenytoin,1,,90,.30000001
47014,phenytoin 90mg/5ml oral suspension,1,phenytoin,1,,90,.30000001
60245,phenytoin 90mg/5ml oral suspension (drug tariff special order),1,phenytoin,1,,90,.30000001
34699,phenytoin 90mg/5ml oral suspension sugar free (rosemont pharmaceuticals ltd),1,phenytoin,1,,90,.30000001
6504,phenytoin sodium 100mg capsules,1,phenytoin,1,,100,.30000001
53749,phenytoin sodium 100mg capsules (a a h pharmaceuticals ltd),1,phenytoin,1,,100,.30000001
59377,phenytoin sodium 100mg capsules (actavis uk ltd),1,phenytoin,1,,100,.30000001
59082,phenytoin sodium 100mg capsules (alliance healthcare (distribution) ltd),1,phenytoin,1,,100,.30000001
74082,phenytoin sodium 100mg capsules (de pharmaceuticals),1,phenytoin,1,,100,.30000001
50147,phenytoin sodium 100mg capsules (flynn pharma ltd),1,phenytoin,1,,100,.30000001
66347,phenytoin sodium 100mg capsules (sigma pharmaceuticals plc),1,phenytoin,1,,100,.30000001
2062,phenytoin sodium 100mg tablets,1,phenytoin,1,,100,.30000001
34592,phenytoin sodium 100mg tablets (a a h pharmaceuticals ltd),1,phenytoin,1,,100,.30000001
34144,phenytoin sodium 100mg tablets (actavis uk ltd),1,phenytoin,1,,100,.30000001
59504,phenytoin sodium 100mg tablets (alliance healthcare (distribution) ltd),1,phenytoin,1,,100,.30000001
68286,phenytoin sodium 100mg tablets (almus pharmaceuticals ltd),1,phenytoin,1,,100,.30000001
62181,phenytoin sodium 100mg tablets (kent pharmaceuticals ltd),1,phenytoin,1,,100,.30000001
56786,phenytoin sodium 100mg tablets (milpharm ltd),1,phenytoin,1,,100,.30000001
27113,phenytoin sodium 100mg tablets (teva uk ltd),1,phenytoin,1,,100,.30000001
66608,phenytoin sodium 100mg tablets (waymade healthcare plc),1,phenytoin,1,,100,.30000001
59378,phenytoin sodium 100mg tablets (wockhardt uk ltd),1,phenytoin,1,,100,.30000001
24637,phenytoin sodium 250mg/5ml solution for injection ampoules,1,phenytoin,1,,250,.30000001
74244,phenytoin sodium 250mg/5ml solution for injection ampoules (alliance pharmaceuticals ltd),1,phenytoin,1,,250,.30000001
6624,phenytoin sodium 25mg capsules,1,phenytoin,1,,25,.30000001
61769,phenytoin sodium 25mg capsules (a a h pharmaceuticals ltd),1,phenytoin,1,,25,.30000001
59467,phenytoin sodium 25mg capsules (alliance healthcare (distribution) ltd),1,phenytoin,1,,25,.30000001
50148,phenytoin sodium 25mg capsules (flynn pharma ltd),1,phenytoin,1,,25,.30000001
6594,phenytoin sodium 300mg capsules,1,phenytoin,1,,300,.30000001
53846,phenytoin sodium 300mg capsules (a a h pharmaceuticals ltd),1,phenytoin,1,,300,.30000001
59293,phenytoin sodium 300mg capsules (alliance healthcare (distribution) ltd),1,phenytoin,1,,300,.30000001
50159,phenytoin sodium 300mg capsules (flynn pharma ltd),1,phenytoin,1,,300,.30000001
5587,phenytoin sodium 50mg capsules,1,phenytoin,1,,50,.30000001
53750,phenytoin sodium 50mg capsules (a a h pharmaceuticals ltd),1,phenytoin,1,,50,.30000001
60573,phenytoin sodium 50mg capsules (alliance healthcare (distribution) ltd),1,phenytoin,1,,50,.30000001
49789,phenytoin sodium 50mg capsules (flynn pharma ltd),1,phenytoin,1,,50,.30000001
2782,phenytoin sodium 50mg tablets,1,phenytoin,1,,50,.30000001
76613,phenytoin sodium 84mg/5ml oral solution,1,phenytoin,1,,84,.30000001
75764,phenytoin sodium oral solution,1,phenytoin,1,,,.30000001
7804,phenytoin sodium/ phenobarbitone cap,1,phenobarbital,1,,,.30000001
31634,phenytoin sodium/ phenobarbitone sodium tab,1,phenobarbital,1,,,.30000001
6999,pregabalin 100mg capsules,1,pregabalin,,,100,.30000001
64005,pregabalin 100mg capsules (a a h pharmaceuticals ltd),1,pregabalin,,,100,.30000001
70730,pregabalin 100mg capsules (alliance healthcare (distribution) ltd),1,pregabalin,,,100,.30000001
80762,pregabalin 100mg tablets,1,pregabalin,,,100,.30000001
6631,pregabalin 150mg capsules,1,pregabalin,,,150,.30000001
70544,pregabalin 150mg capsules (alliance healthcare (distribution) ltd),1,pregabalin,,,150,.30000001
82071,pregabalin 150mg capsules (sandoz ltd),1,pregabalin,,,150,.30000001
70478,pregabalin 150mg capsules (teva uk ltd),1,pregabalin,,,150,.30000001
80743,pregabalin 150mg tablets,1,pregabalin,,,150,.30000001
55972,pregabalin 150mg/5ml oral solution,1,pregabalin,,,150,.30000001
64285,pregabalin 150mg/5ml oral suspension,1,pregabalin,,,150,.30000001
6949,pregabalin 200mg capsules,1,pregabalin,,,200,.30000001
70729,pregabalin 200mg capsules (alliance healthcare (distribution) ltd),1,pregabalin,,,200,.30000001
80667,pregabalin 200mg tablets,1,pregabalin,,,200,.30000001
73424,pregabalin 200mg/5ml oral solution,1,pregabalin,,,200,.30000001
81735,pregabalin 200mg/5ml oral suspension,1,pregabalin,,,200,.30000001
51227,pregabalin 20mg/ml oral solution sugar free,1,pregabalin,,,20,.30000001
37801,pregabalin 225mg capsules,1,pregabalin,,,225,.30000001
81501,pregabalin 225mg tablets,1,pregabalin,,,225,.30000001
790,pregabalin 25mg capsules,1,pregabalin,,,25,.30000001
70064,pregabalin 25mg capsules (accord healthcare ltd),1,pregabalin,,,25,.30000001
70545,pregabalin 25mg capsules (alliance healthcare (distribution) ltd),1,pregabalin,,,25,.30000001
82808,pregabalin 25mg capsules (creo pharma ltd),1,pregabalin,,,25,.30000001
78146,pregabalin 25mg capsules (de pharmaceuticals),1,pregabalin,,,25,.30000001
76318,pregabalin 25mg capsules (mylan),1,pregabalin,,,25,.30000001
65073,pregabalin 25mg capsules (teva uk ltd),1,pregabalin,,,25,.30000001
80564,pregabalin 25mg tablets,1,pregabalin,,,25,.30000001
68441,pregabalin 25mg/5ml oral solution,1,pregabalin,,,25,.30000001
7005,pregabalin 300mg capsules,1,pregabalin,,,300,.30000001
67440,pregabalin 300mg capsules (a a h pharmaceuticals ltd),1,pregabalin,,,300,.30000001
70735,pregabalin 300mg capsules (alliance healthcare (distribution) ltd),1,pregabalin,,,300,.30000001
69034,pregabalin 300mg capsules (mylan),1,pregabalin,,,300,.30000001
82261,pregabalin 300mg capsules (sandoz ltd),1,pregabalin,,,300,.30000001
70648,pregabalin 300mg capsules (teva uk ltd),1,pregabalin,,,300,.30000001
73584,pregabalin 300mg capsules (zentiva),1,pregabalin,,,300,.30000001
80687,pregabalin 300mg tablets,1,pregabalin,,,300,.30000001
73817,pregabalin 300mg/5ml oral suspension,1,pregabalin,,,300,.30000001
6936,pregabalin 50mg capsules,1,pregabalin,,,50,.30000001
63877,pregabalin 50mg capsules (a a h pharmaceuticals ltd),1,pregabalin,,,50,.30000001
65606,pregabalin 50mg capsules (accord healthcare ltd),1,pregabalin,,,50,.30000001
70546,pregabalin 50mg capsules (alliance healthcare (distribution) ltd),1,pregabalin,,,50,.30000001
77847,pregabalin 50mg capsules (milpharm ltd),1,pregabalin,,,50,.30000001
71533,pregabalin 50mg capsules (mylan),1,pregabalin,,,50,.30000001
65787,pregabalin 50mg capsules (sandoz ltd),1,pregabalin,,,50,.30000001
82114,pregabalin 50mg capsules (teva uk ltd),1,pregabalin,,,50,.30000001
80801,pregabalin 50mg capsules (wockhardt uk ltd),1,pregabalin,,,50,.30000001
71313,pregabalin 50mg capsules (zentiva),1,pregabalin,,,50,.30000001
80333,pregabalin 50mg tablets,1,pregabalin,,,50,.30000001
71461,pregabalin 50mg/5ml oral suspension,1,pregabalin,,,50,.30000001
819,pregabalin 75mg capsules,1,pregabalin,,,75,.30000001
69987,pregabalin 75mg capsules (a a h pharmaceuticals ltd),1,pregabalin,,,75,.30000001
70731,pregabalin 75mg capsules (alliance healthcare (distribution) ltd),1,pregabalin,,,75,.30000001
67053,pregabalin 75mg capsules (de pharmaceuticals),1,pregabalin,,,75,.30000001
70229,pregabalin 75mg capsules (mylan),1,pregabalin,,,75,.30000001
73026,pregabalin 75mg capsules (sandoz ltd),1,pregabalin,,,75,.30000001
65069,pregabalin 75mg capsules (teva uk ltd),1,pregabalin,,,75,.30000001
66509,pregabalin 75mg capsules (zentiva),1,pregabalin,,,75,.30000001
80705,pregabalin 75mg tablets,1,pregabalin,,,75,.30000001
60543,pregabalin 75mg/5ml oral solution,1,pregabalin,,,75,.30000001
67384,pregabalin 75mg/5ml oral suspension,1,pregabalin,,,75,.30000001
37883,primidone 100mg/5ml oral solution,1,primidone,,,100,1.25
51583,primidone 100mg/5ml oral suspension,1,phenobarbital,1,,100,1.25
4480,primidone 200 mg tab,1,primidone,,,200,1.25
1157,primidone 250mg tablets,1,phenobarbital,1,,250,1.25
59389,primidone 250mg tablets (a a h pharmaceuticals ltd),1,phenobarbital,1,,250,1.25
59451,primidone 250mg tablets (alliance healthcare (distribution) ltd),1,phenobarbital,1,,250,1.25
82331,primidone 250mg tablets (de pharmaceuticals),1,phenobarbital,1,,250,1.25
59088,primidone 250mg tablets (serb),1,phenobarbital,1,,250,1.25
68269,primidone 250mg tablets (teva uk ltd),1,phenobarbital,1,,250,1.25
67470,primidone 250mg tablets (waymade healthcare plc),1,phenobarbital,1,,250,1.25
209,primidone 250mg/5ml oral suspension,1,phenobarbital,1,,250,1.25
50696,primidone 250mg/5ml oral suspension (drug tariff special order),1,phenobarbital,1,,250,1.25
24627,primidone 25mg/5ml oral suspension,1,phenobarbital,1,,25,1.25
64110,primidone 25mg/5ml oral suspension (special order),1,phenobarbital,1,,25,1.25
53172,primidone 50mg capsules,1,phenobarbital,1,,50,1.25
82814,primidone 50mg capsules (special order),1,phenobarbital,1,,50,1.25
44599,primidone 50mg tablets,1,phenobarbital,1,,50,1.25
60978,primidone 50mg tablets (a a h pharmaceuticals ltd),1,phenobarbital,1,,50,1.25
59838,primidone 50mg tablets (alliance healthcare (distribution) ltd),1,phenobarbital,1,,50,1.25
59413,primidone 50mg tablets (serb),1,phenobarbital,1,,50,1.25
66856,primidone 50mg tablets (teva uk ltd),1,phenobarbital,1,,50,1.25
35835,primidone 50mg/5ml oral suspension,1,phenobarbital,1,,50,1.25
64127,primidone 50mg/5ml oral suspension (drug tariff special order),1,phenobarbital,1,,50,1.25
33252,primidone 62.5mg/5ml oral suspension,1,phenobarbital,1,,62.5,1.25
64635,primidone 62.5mg/5ml oral suspension (drug tariff special order),1,phenobarbital,1,,62.5,1.25
76459,pro-banthine + phenobarb tab,1,phenobarbital,1,,,.1
27967,pro-epanutin 750mg/10ml concentrate for solution for injection vials (pfizer ltd),1,phenytoin,1,,750,.30000001
19024,prominal 200mg tablet (sanofi-synthelabo ltd),1,phenobarbital,1,,200,.1
25146,prominal 30mg tablet (sanofi-synthelabo ltd),1,phenobarbital,1,,30,.1
23349,prominal 60mg tablet (sanofi-synthelabo ltd),1,phenobarbital,1,,60,.1
46380,retigabine 100mg tablets,1,retigabine,1,,100,.89999998
46622,retigabine 200mg tablets,1,retigabine,1,,200,.89999998
46788,retigabine 300mg tablets,1,retigabine,1,,300,.89999998
47770,retigabine 400mg tablets,1,retigabine,1,,400,.89999998
46381,retigabine 50mg tablets,1,retigabine,1,,50,.89999998
46787,retigabine 50mg tablets and retigabine 100mg tablets,1,retigabine,1,,50,.89999998
63091,rewisca 100mg capsules (consilient health ltd),1,pregabalin,,,100,.30000001
63090,rewisca 150mg capsules (consilient health ltd),1,pregabalin,,,150,.30000001
63174,rewisca 200mg capsules (consilient health ltd),1,pregabalin,,,200,.30000001
63317,rewisca 225mg capsules (consilient health ltd),1,pregabalin,,,225,.30000001
63300,rewisca 25mg capsules (consilient health ltd),1,pregabalin,,,25,.30000001
63089,rewisca 300mg capsules (consilient health ltd),1,pregabalin,,,300,.30000001
63088,rewisca 50mg capsules (consilient health ltd),1,pregabalin,,,50,.30000001
63069,rewisca 75mg capsules (consilient health ltd),1,pregabalin,,,75,.30000001
26496,rivotril 1mg/1ml concentrate for solution for injection ampoules (roche products ltd),1,clonazepam,,,1,8
70561,rivotril 1mg/1ml concentrate for solution for injection ampoules and diluent (imported (france)),1,clonazepam,,,1,8
17038,rivotril 2.5mg/1ml drops (imported (switzerland)),1,clonazepam,,,2.5,8
8029,rivotril 2mg tablets (roche products ltd),1,clonazepam,,,2,8
72550,rivotril 2mg tablets (sigma pharmaceuticals plc),1,clonazepam,,,2,8
73746,rivotril 500microgram tablets (de pharmaceuticals),1,clonazepam,,,.5,8
10650,rivotril 500microgram tablets (roche products ltd),1,clonazepam,,,.5,8
77463,rivotril 500microgram tablets (waymade healthcare plc),1,clonazepam,,,.5,8
37515,rufinamide 100mg tablets,1,rufinamide,1,,100,1.4
37416,rufinamide 200mg tablets,1,rufinamide,1,,200,1.4
37895,rufinamide 400mg tablets,1,rufinamide,1,,400,1.4
51416,rufinamide 40mg/ml oral suspension sugar free,1,rufinamide,1,,40,1.4
17990,sabril 500mg oral powder sachets (sanofi),1,vigabatrin,1,,500,2
10705,sabril 500mg tablets (sanofi),1,vigabatrin,1,,500,2
9168,sod valproate c/r 200 mg tab,1,valproate,,,200,1.5
44472,sodium valproate 100mg modified-release granules sachets sugar free,1,valproate,,,100,1.5
4502,sodium valproate 100mg tablets,1,valproate,,,100,1.5
40395,sodium valproate 100mg tablets (mylan),1,valproate,,,100,1.5
35471,sodium valproate 150mg modified-release capsules,1,valproate,,,150,1.5
36318,sodium valproate 1g modified-release granules sachets sugar free,1,valproate,,,1000,1.5
43742,sodium valproate 1g/10ml solution for injection ampoules,1,valproate,,,1000,1.5
584,sodium valproate 200mg gastro-resistant tablets,1,valproate,,,200,1.5
34120,sodium valproate 200mg gastro-resistant tablets (a a h pharmaceuticals ltd),1,valproate,,,200,1.5
62637,sodium valproate 200mg gastro-resistant tablets (actavis uk ltd),1,valproate,,,200,1.5
77513,sodium valproate 200mg gastro-resistant tablets (alliance healthcare (distribution) ltd),1,valproate,,,200,1.5
34707,sodium valproate 200mg gastro-resistant tablets (ivax pharmaceuticals uk ltd),1,valproate,,,200,1.5
34626,sodium valproate 200mg gastro-resistant tablets (mylan),1,valproate,,,200,1.5
34632,sodium valproate 200mg gastro-resistant tablets (teva uk ltd),1,valproate,,,200,1.5
76964,sodium valproate 200mg gastro-resistant tablets (waymade healthcare plc),1,valproate,,,200,1.5
51751,sodium valproate 200mg gastro-resistant tablets (wockhardt uk ltd),1,valproate,,,200,1.5
71621,sodium valproate 200mg gastro-resistant tablets (zentiva),1,valproate,,,200,1.5
39039,sodium valproate 200mg modified-release tablets,1,valproate,,,200,1.5
82294,sodium valproate 200mg modified-release tablets (de pharmaceuticals),1,valproate,,,200,1.5
82295,sodium valproate 200mg modified-release tablets (ennogen healthcare ltd),1,valproate,,,200,1.5
34414,sodium valproate 200mg tablet (sterwin medicines),1,valproate,,,200,1.5
1550,sodium valproate 200mg/5ml oral solution,1,valproate,,,200,1.5
45344,sodium valproate 200mg/5ml oral solution (hillcross pharmaceuticals ltd),1,valproate,,,200,1.5
33106,sodium valproate 200mg/5ml oral solution (ivax pharmaceuticals uk ltd),1,valproate,,,200,1.5
37306,sodium valproate 200mg/5ml oral solution (sterwin medicines),1,valproate,,,200,1.5
3845,sodium valproate 200mg/5ml oral solution sugar free,1,valproate,,,200,1.5
34883,sodium valproate 200mg/5ml oral solution sugar free (a a h pharmaceuticals ltd),1,valproate,,,200,1.5
60332,sodium valproate 200mg/5ml oral solution sugar free (wockhardt uk ltd),1,valproate,,,200,1.5
42090,sodium valproate 200mg/5ml oral solution sugar free (zentiva),1,valproate,,,200,1.5
45106,sodium valproate 250mg modified-release granules sachets sugar free,1,valproate,,,250,1.5
35024,sodium valproate 300mg modified-release capsules,1,valproate,,,300,1.5
6711,sodium valproate 300mg modified-release tablets,1,valproate,,,300,1.5
82293,sodium valproate 300mg modified-release tablets (colorama pharmaceuticals ltd),1,valproate,,,300,1.5
82296,sodium valproate 300mg modified-release tablets (ennogen healthcare ltd),1,valproate,,,300,1.5
53197,sodium valproate 300mg modified-release tablets (sigma pharmaceuticals plc),1,valproate,,,300,1.5
68457,sodium valproate 300mg suppositories,1,valproate,,,300,1.5
40070,sodium valproate 300mg/3ml solution for injection ampoules,1,valproate,,,300,1.5
16609,sodium valproate 400mg powder and solvent for solution for injection vials,1,valproate,,,400,1.5
67798,sodium valproate 400mg/4ml solution for injection ampoules,1,valproate,,,400,1.5
40400,sodium valproate 500mg gastro-resistant tablet (c p pharmaceuticals ltd),1,valproate,,,500,1.5
3350,sodium valproate 500mg gastro-resistant tablets,1,valproate,,,500,1.5
34178,sodium valproate 500mg gastro-resistant tablets (a a h pharmaceuticals ltd),1,valproate,,,500,1.5
80973,sodium valproate 500mg gastro-resistant tablets (alliance healthcare (distribution) ltd),1,valproate,,,500,1.5
74848,sodium valproate 500mg gastro-resistant tablets (arrow generics ltd),1,valproate,,,500,1.5
81608,sodium valproate 500mg gastro-resistant tablets (ivax pharmaceuticals uk ltd),1,valproate,,,500,1.5
78727,sodium valproate 500mg gastro-resistant tablets (mylan),1,valproate,,,500,1.5
46774,sodium valproate 500mg gastro-resistant tablets (teva uk ltd),1,valproate,,,500,1.5
77514,sodium valproate 500mg gastro-resistant tablets (wockhardt uk ltd),1,valproate,,,500,1.5
44903,sodium valproate 500mg gastro-resistant tablets (zentiva),1,valproate,,,500,1.5
35755,sodium valproate 500mg modified-release granules sachets sugar free,1,valproate,,,500,1.5
6560,sodium valproate 500mg modified-release tablets,1,valproate,,,500,1.5
55006,sodium valproate 500mg modified-release tablets (alliance healthcare (distribution) ltd),1,valproate,,,500,1.5
77195,sodium valproate 500mg modified-release tablets (de pharmaceuticals),1,valproate,,,500,1.5
60102,sodium valproate 500mg modified-release tablets (j m mcgill ltd),1,valproate,,,500,1.5
77272,sodium valproate 500mg tablet (sterwin medicines),1,valproate,,,500,1.5
56076,sodium valproate 500mg/5ml oral suspension,1,valproate,,,500,1.5
45419,sodium valproate 50mg modified-release granules sachets sugar free,1,valproate,,,50,1.5
54828,sodium valproate 600mg/5ml oral solution,1,valproate,,,600,1.5
68151,sodium valproate 60mg/5ml oral solution,1,valproate,,,60,1.5
44718,sodium valproate 750mg modified-release granules sachets sugar free,1,valproate,,,750,1.5
75188,sodium valproate cr 300mg tablet (hillcross pharmaceuticals ltd),1,valproate,,,300,1.5
30081,sodium valproate cr 500mg tablet (hillcross pharmaceuticals ltd),1,valproate,,,500,1.5
43648,sodium valproate oral solution,1,valproate,,,,1.5
43178,sodium valproate with valproic acid 1000mg modified release granules,1,valproate,,,1000,1.5
41137,sodium valproate with valproic acid 100mg modified release granules,1,valproate,,,100,1.5
9281,sodium valproate with valproic acid 200mg modified release tablets,1,valproate,,,200,1.5
39276,sodium valproate with valproic acid 250mg modified release granules,1,valproate,,,250,1.5
7011,sodium valproate with valproic acid 300mg modified release tablets,1,valproate,,,300,1.5
39452,sodium valproate with valproic acid 500mg modified release granules,1,valproate,,,500,1.5
11075,sodium valproate with valproic acid 500mg modified release tablets,1,valproate,,,500,1.5
43387,sodium valproate with valproic acid 50mg modified release granules,1,valproate,,,50,1.5
39427,sodium valproate with valproic acid 750mg modified release granules,1,valproate,,,750,1.5
42491,stiripentol 250mg capsules,1,stiripentol,1,,250,1
37970,stiripentol 250mg oral powder sachets,1,stiripentol,1,,250,1
43836,stiripentol 500mg capsules,1,stiripentol,1,,500,1
44400,stiripentol 500mg oral powder sachets,1,stiripentol,1,,500,1
23867,sulthiame 200 mg tab,1,sulthiame,1,,200,.40000001
31665,sulthiame 50 mg mix,1,sulthiame,1,,50,.40000001
19019,sulthiame 50 mg tab,1,sulthiame,1,,50,.40000001
76894,sultiame 100mg tablets,1,sulthiame,1,,100,.40000001
32200,sultiame 200mg tablets,1,sulthiame,1,,200,.40000001
37633,sultiame 50mg tablets,1,sulthiame,1,,50,.40000001
80597,syonell 250mg gastro-resistant tablets (lupin healthcare (uk) ltd),1,valproate,,,250,1.5
80601,syonell 500mg gastro-resistant tablets (lupin healthcare (uk) ltd),1,valproate,,,500,1.5
56781,tapclob 10mg/5ml oral suspension (martindale pharmaceuticals ltd),1,clobazam,,,10,20
54934,tapclob 5mg/5ml oral suspension (martindale pharmaceuticals ltd),1,clobazam,,,5,20
13524,tegretol 100mg chewtabs (novartis pharmaceuticals uk ltd),1,carbamazepine,,,100,1
5977,tegretol 100mg tablets (novartis pharmaceuticals uk ltd),1,carbamazepine,,,100,1
63930,tegretol 100mg/5ml liquid (de pharmaceuticals),1,carbamazepine,,,100,1
58515,tegretol 100mg/5ml liquid (lexon (uk) ltd),1,carbamazepine,,,100,1
82449,tegretol 100mg/5ml liquid (necessity supplies ltd),1,carbamazepine,,,100,1
4913,tegretol 100mg/5ml liquid (novartis pharmaceuticals uk ltd),1,carbamazepine,,,100,1
21441,tegretol 125mg suppositories (essential pharma ltd),1,carbamazepine,,,125,1
12880,tegretol 200mg chewtabs (novartis pharmaceuticals uk ltd),1,carbamazepine,,,200,1
49833,tegretol 200mg tablets (lexon (uk) ltd),1,carbamazepine,,,200,1
63213,tegretol 200mg tablets (necessity supplies ltd),1,carbamazepine,,,200,1
2085,tegretol 200mg tablets (novartis pharmaceuticals uk ltd),1,carbamazepine,,,200,1
15082,tegretol 250mg suppositories (essential pharma ltd),1,carbamazepine,,,250,1
51760,tegretol 400mg tablets (lexon (uk) ltd),1,carbamazepine,,,400,1
79486,tegretol 400mg tablets (mawdsley-brooks & company ltd),1,carbamazepine,,,400,1
72875,tegretol 400mg tablets (necessity supplies ltd),1,carbamazepine,,,400,1
4066,tegretol 400mg tablets (novartis pharmaceuticals uk ltd),1,carbamazepine,,,400,1
2077,tegretol liq 100 mg/5ml liq,1,carbamazepine,,,100,1
48397,tegretol prolonged release 200mg tablets (de pharmaceuticals),1,carbamazepine,,,200,1
63341,tegretol prolonged release 200mg tablets (lexon (uk) ltd),1,carbamazepine,,,200,1
57726,tegretol prolonged release 200mg tablets (mawdsley-brooks & company ltd),1,carbamazepine,,,200,1
71350,tegretol prolonged release 200mg tablets (necessity supplies ltd),1,carbamazepine,,,200,1
45941,tegretol prolonged release 200mg tablets (novartis pharmaceuticals uk ltd),1,carbamazepine,,,200,1
53492,tegretol prolonged release 200mg tablets (sigma pharmaceuticals plc),1,carbamazepine,,,200,1
71432,tegretol prolonged release 200mg tablets (waymade healthcare plc),1,carbamazepine,,,200,1
71365,tegretol prolonged release 400mg tablets (de pharmaceuticals),1,carbamazepine,,,400,1
82530,tegretol prolonged release 400mg tablets (dowelhurst ltd),1,carbamazepine,,,400,1
74819,tegretol prolonged release 400mg tablets (lexon (uk) ltd),1,carbamazepine,,,400,1
52840,tegretol prolonged release 400mg tablets (necessity supplies ltd),1,carbamazepine,,,400,1
45903,tegretol prolonged release 400mg tablets (novartis pharmaceuticals uk ltd),1,carbamazepine,,,400,1
60133,tegretol prolonged release 400mg tablets (sigma pharmaceuticals plc),1,carbamazepine,,,400,1
53893,tegretol prolonged release 400mg tablets (stephar (u.k.) ltd),1,carbamazepine,,,400,1
71149,tegretol prolonged release 400mg tablets (waymade healthcare plc),1,carbamazepine,,,400,1
2823,tegretol retard 200mg modified-release tablet (novartis pharmaceuticals uk ltd),1,carbamazepine,,,200,1
2824,tegretol retard 400mg modified-release tablet (novartis pharmaceuticals uk ltd),1,carbamazepine,,,400,1
17978,teril retard 200mg tablets (taro pharmaceuticals (uk) ltd),1,carbamazepine,,,200,1
18011,teril retard 400mg tablets (taro pharmaceuticals (uk) ltd),1,carbamazepine,,,400,1
18672,tiagabine,1,tiagabine,1,,,30
18674,tiagabine,1,tiagabine,1,,,30
18673,tiagabine,1,tiagabine,1,,,30
16442,tiagabine 10mg tablets,1,tiagabine,1,,10,30
13828,tiagabine 15mg tablets,1,tiagabine,1,,15,30
13825,tiagabine 5mg tablets,1,tiagabine,1,,5,30
30509,timonil retard 400mg modified-release tablet (c p pharmaceuticals ltd),1,carbamazepine,,,400,1
15851,topamax 100mg tablets (janssen-cilag ltd),1,topiramate,,,100,.30000001
12821,topamax 15mg sprinkle capsules (janssen-cilag ltd),1,topiramate,,,15,.30000001
80033,topamax 15mg sprinkle capsules (waymade healthcare plc),1,topiramate,,,15,.30000001
13890,topamax 200mg tablets (janssen-cilag ltd),1,topiramate,,,200,.30000001
16262,topamax 25mg sprinkle capsules (janssen-cilag ltd),1,topiramate,,,25,.30000001
51839,topamax 25mg sprinkle capsules (mawdsley-brooks & company ltd),1,topiramate,,,25,.30000001
9823,topamax 25mg tablets (janssen-cilag ltd),1,topiramate,,,25,.30000001
18077,topamax 50mg sprinkle capsules (janssen-cilag ltd),1,topiramate,,,50,.30000001
72827,topamax 50mg sprinkle capsules (lexon (uk) ltd),1,topiramate,,,50,.30000001
13608,topamax 50mg tablets (janssen-cilag ltd),1,topiramate,,,50,.30000001
6820,topiramate 100mg tablets,1,topiramate,,,100,.30000001
81892,topiramate 100mg tablets (milpharm ltd),1,topiramate,,,100,.30000001
61630,topiramate 100mg tablets (teva uk ltd),1,topiramate,,,100,.30000001
58137,topiramate 100mg/5ml oral solution,1,topiramate,,,100,.30000001
72831,topiramate 100mg/5ml oral suspension,1,topiramate,,,100,.30000001
78674,topiramate 100mg/5ml oral suspension sugar free,1,topiramate,,,100,.30000001
60432,topiramate 10mg/5ml oral solution,1,topiramate,,,10,.30000001
75047,topiramate 12.5mg/5ml oral solution,1,topiramate,,,12.5,.30000001
57874,topiramate 12.5mg/5ml oral suspension,1,topiramate,,,12.5,.30000001
70384,topiramate 125mg/5ml oral suspension,1,topiramate,,,125,.30000001
77340,topiramate 12mg/5ml oral solution,1,topiramate,,,12,.30000001
77341,topiramate 12mg/5ml oral suspension,1,topiramate,,,12,.30000001
795,topiramate 15mg capsules,1,topiramate,,,15,.30000001
55649,topiramate 15mg capsules (a a h pharmaceuticals ltd),1,topiramate,,,15,.30000001
67698,topiramate 15mg capsules (de pharmaceuticals),1,topiramate,,,15,.30000001
82402,topiramate 15mg capsules (sandoz ltd),1,topiramate,,,15,.30000001
60878,topiramate 15mg/5ml oral solution,1,topiramate,,,15,.30000001
61198,topiramate 15mg/5ml oral suspension,1,topiramate,,,15,.30000001
7108,topiramate 200mg tablets,1,topiramate,,,200,.30000001
63545,topiramate 200mg tablets (actavis uk ltd),1,topiramate,,,200,.30000001
81893,topiramate 200mg tablets (milpharm ltd),1,topiramate,,,200,.30000001
70403,topiramate 20mg/5ml oral solution,1,topiramate,,,20,.30000001
59058,topiramate 20mg/5ml oral suspension,1,topiramate,,,20,.30000001
5874,topiramate 25mg capsules,1,topiramate,,,25,.30000001
54245,topiramate 25mg capsules (a a h pharmaceuticals ltd),1,topiramate,,,25,.30000001
60156,topiramate 25mg capsules (actavis uk ltd),1,topiramate,,,25,.30000001
77866,topiramate 25mg capsules (alliance healthcare (distribution) ltd),1,topiramate,,,25,.30000001
72212,topiramate 25mg capsules (de pharmaceuticals),1,topiramate,,,25,.30000001
63113,topiramate 25mg capsules (phoenix healthcare distribution ltd),1,topiramate,,,25,.30000001
53779,topiramate 25mg capsules (sandoz ltd),1,topiramate,,,25,.30000001
72207,topiramate 25mg capsules (sigma pharmaceuticals plc),1,topiramate,,,25,.30000001
62306,topiramate 25mg capsules (teva uk ltd),1,topiramate,,,25,.30000001
11237,topiramate 25mg tablets,1,topiramate,,,25,.30000001
63250,topiramate 25mg tablets (accord healthcare ltd),1,topiramate,,,25,.30000001
63504,topiramate 25mg tablets (actavis uk ltd),1,topiramate,,,25,.30000001
53780,topiramate 25mg tablets (sandoz ltd),1,topiramate,,,25,.30000001
58019,topiramate 25mg tablets (teva uk ltd),1,topiramate,,,25,.30000001
70404,topiramate 25mg/5ml oral solution,1,topiramate,,,25,.30000001
44719,topiramate 25mg/5ml oral suspension,1,topiramate,,,25,.30000001
64773,topiramate 30mg/5ml oral solution,1,topiramate,,,30,.30000001
73375,topiramate 30mg/5ml oral suspension,1,topiramate,,,30,.30000001
5830,topiramate 50mg capsules,1,topiramate,,,50,.30000001
62198,topiramate 50mg capsules (a a h pharmaceuticals ltd),1,topiramate,,,50,.30000001
82046,topiramate 50mg capsules (de pharmaceuticals),1,topiramate,,,50,.30000001
72214,topiramate 50mg capsules (phoenix healthcare distribution ltd),1,topiramate,,,50,.30000001
57670,topiramate 50mg capsules (sandoz ltd),1,topiramate,,,50,.30000001
61770,topiramate 50mg capsules (teva uk ltd),1,topiramate,,,50,.30000001
75747,topiramate 50mg capsules (waymade healthcare plc),1,topiramate,,,50,.30000001
7073,topiramate 50mg tablets,1,topiramate,,,50,.30000001
80454,topiramate 50mg tablets (a a h pharmaceuticals ltd),1,topiramate,,,50,.30000001
59051,topiramate 50mg tablets (accord healthcare ltd),1,topiramate,,,50,.30000001
77189,topiramate 50mg tablets (teva uk ltd),1,topiramate,,,50,.30000001
46572,topiramate 50mg/5ml oral suspension,1,topiramate,,,50,.30000001
76847,topiramate 50mg/5ml oral suspension sugar free,1,topiramate,,,50,.30000001
52751,topiramate 5mg/5ml oral solution,1,topiramate,,,5,.30000001
7021,trileptal 150mg tablets (novartis pharmaceuticals uk ltd),1,oxcarbazepine,1,,150,1
7020,trileptal 300mg tablets (novartis pharmaceuticals uk ltd),1,oxcarbazepine,1,,300,1
70330,trileptal 300mg tablets (sigma pharmaceuticals plc),1,oxcarbazepine,1,,300,1
18567,trileptal 600mg tablets (novartis pharmaceuticals uk ltd),1,oxcarbazepine,1,,600,1
26902,trileptal 60mg/ml oral suspension (novartis pharmaceuticals uk ltd),1,oxcarbazepine,1,,60,1
46320,trobalt 100mg tablets (glaxosmithkline uk ltd),1,retigabine,1,,100,.89999998
47032,trobalt 200mg tablets (glaxosmithkline uk ltd),1,retigabine,1,,200,.89999998
47715,trobalt 300mg tablets (glaxosmithkline uk ltd),1,retigabine,1,,300,.89999998
54190,trobalt 400mg tablets (glaxosmithkline uk ltd),1,retigabine,1,,400,.89999998
46319,trobalt 50mg tablets (glaxosmithkline uk ltd),1,retigabine,1,,50,.89999998
34150,valproate sodium 200mg gastro-resistant tablet (ivax pharmaceuticals uk ltd),1,valproate,,,200,1.5
34151,valproate sodium 500mg gastro-resistant tablet (ivax pharmaceuticals uk ltd),1,valproate,,,500,1.5
69555,valproic acid 125mg gastro-resistant capsules,1,valproate,,,125,1.5
18614,valproic acid 150mg gastro-resistant capsules,1,valproate,,,150,1.5
5848,valproic acid 250mg gastro-resistant tablets,1,valproate,,,250,1.5
72851,valproic acid 250mg/5ml oral solution,1,valproate,,,250,1.5
74482,valproic acid 250mg/5ml oral suspension,1,valproate,,,250,1.5
15650,valproic acid 300mg gastro-resistant capsules,1,valproate,,,300,1.5
16021,valproic acid 500mg gastro-resistant capsules,1,valproate,,,500,1.5
6305,valproic acid 500mg gastro-resistant tablets,1,valproate,,,500,1.5
53211,valproic acid 500mg/5ml oral solution,1,valproate,,,500,1.5
72408,valproic acid 500mg/5ml oral suspension,1,valproate,,,500,1.5
16782,vigabatrin 125mg capsules,1,vigabatrin,1,,125,2
68560,vigabatrin 350mg/5ml oral solution,1,vigabatrin,1,,350,2
4585,vigabatrin 500mg oral powder sachets sugar free,1,vigabatrin,1,,500,2
2821,vigabatrin 500mg tablets,1,vigabatrin,1,,500,2
59144,vigabatrin 500mg/5ml oral solution,1,vigabatrin,1,,500,2
39356,vimpat 100mg tablets (ucb pharma ltd),1,lacosamide,1,,100,.30000001
52473,vimpat 10mg/ml syrup (ucb pharma ltd),1,lacosamide,1,,10,.30000001
41162,vimpat 150mg tablets (ucb pharma ltd),1,lacosamide,1,,150,.30000001
39952,vimpat 15mg/ml syrup (ucb pharma ltd),1,lacosamide,1,,15,.30000001
40658,vimpat 200mg tablets (ucb pharma ltd),1,lacosamide,1,,200,.30000001
61760,vimpat 200mg/20ml solution for infusion vials (ucb pharma ltd),1,lacosamide,1,,200,.30000001
39615,vimpat 50mg tablets (ucb pharma ltd),1,lacosamide,1,,50,.30000001
82442,vimpat 50mg tablets (waymade healthcare plc),1,lacosamide,1,,50,.30000001
77799,zacco 5mg/5ml oral suspension (thame laboratories ltd),1,clobazam,,,5,20
3446,zarontin 250mg capsules (pfizer ltd),1,ethosuximide,1,,250,1.25
5956,zarontin 250mg/5ml syrup (essential pharma ltd),1,ethosuximide,1,,250,1.25
26924,zarontin 300 mg cap,1,ethosuximide,1,,300,1.25
70903,zebinix 200mg tablets (eisai ltd),1,eslicarbazepine,1,,200,.80000001
80392,zebinix 50mg/1ml oral suspension (eisai ltd),1,eslicarbazepine,1,,50,.80000001
42145,zebinix 800mg tablets (eisai ltd),1,eslicarbazepine,1,,800,.80000001
24177,zonegran 100mg capsules (eisai ltd),1,zonisamide,1,,100,.2
74006,zonegran 100mg capsules (waymade healthcare plc),1,zonisamide,1,,100,.2
27760,zonegran 25mg capsules (eisai ltd),1,zonisamide,1,,25,.2
24176,zonegran 50mg capsules (eisai ltd),1,zonisamide,1,,50,.2
15338,zonisamide 100mg capsules,1,zonisamide,1,,100,.2
78869,zonisamide 100mg/5ml oral suspension,1,zonisamide,1,,100,.2
11873,zonisamide 25mg capsules,1,zonisamide,1,,25,.2
75252,zonisamide 25mg/5ml oral suspension,1,zonisamide,1,,25,.2
19500,zonisamide 50mg capsules,1,zonisamide,1,,50,.2
54873,zonisamide 50mg/5ml oral solution,1,zonisamide,1,,50,.2
57643,zonisamide 50mg/5ml oral suspension,1,zonisamide,1,,50,.2
47143,zonisamide 50mg/5ml oral suspension,1,zonisamide,1,,50,.2
