prodcode,therapyevents,productname,substance,strength,formulation,routeofadministration,bnfcode,bnfhead,dbasebuild,lc_substance,lc_product
10588,97,FERROUS FUMAR.100MG/FOLIC ACID350MCG S/R 100 MG TAB,,,,,00000000,Unknown,February 2009,,ferrous fumar.100mg/folic acid350mcg s/r 100 mg tab
8874,39,FERROUS FUMAR.330MG/FOLIC ACID350MCG S/R 330 MG CAP,,,,,00000000,Unknown,February 2009,,ferrous fumar.330mg/folic acid350mcg s/r 330 mg cap
30518,4,FERROUS FUMARATE 120MG/FOLIC ACID 200MCG 120 MG TAB,,,,,00000000,Unknown,February 2009,,ferrous fumarate 120mg/folic acid 200mcg 120 mg tab
25855,26,FERROUS FUMARATE 290MG/FOLIC ACID 350MCG MG CAP,,,,,00000000,Unknown,February 2009,,ferrous fumarate 290mg/folic acid 350mcg mg cap
7605,84,FERROUS GLUCONATE/FOLIC ACID 250 MG TAB,,,,,00000000,Unknown,February 2009,,ferrous gluconate/folic acid 250 mg tab
33225,2,FERROUS GLUCONATE/FOLIC ACID MG TAB,,,,,00000000,Unknown,February 2009,,ferrous gluconate/folic acid mg tab
9195,37,FERROUS GLYCINE SULPHATE/FOLIC ACID MG CAP,,,,,00000000,Unknown,February 2009,,ferrous glycine sulphate/folic acid mg cap
8871,1136,FERROUS GLYCINE SULPHATE/FOLIC ACID S/R MG TAB,,,,,00000000,Unknown,February 2009,,ferrous glycine sulphate/folic acid s/r mg tab
17274,6,FERROUS SUCCINATE /FOLIC ACID /SUCCINIC 106 MG TAB,,,,,00000000,Unknown,February 2009,,ferrous succinate /folic acid /succinic 106 mg tab
8230,337,FERROUS SULPHATE & FOLIC ACID TAB,,,,,00000000,Unknown,February 2009,,ferrous sulphate & folic acid tab
24381,1,FOLIC ACID,,,,,00000000,Unknown,February 2009,,folic acid
11039,51,FOLIC ACID + IRON TAB,,,,,00000000,Unknown,February 2009,,folic acid + iron tab
4005,1735,FOLIC ACID .1 MG TAB,,,,,00000000,Unknown,February 2009,,folic acid .1 mg tab
4544,49,FOLIC ACID .25 MG TAB,,,,,00000000,Unknown,February 2009,,folic acid .25 mg tab
1945,876,FOLIC ACID .5 MG SYR,,,,,00000000,Unknown,February 2009,,folic acid .5 mg syr
3513,7124,FOLIC ACID .5 MG TAB,,,,,00000000,Unknown,February 2009,,folic acid .5 mg tab
29011,24,FOLIC ACID .75 MG TAB,,,,,00000000,Unknown,February 2009,,folic acid .75 mg tab
30349,2,FOLIC ACID 0.5MG/5ML-WITH IRON 80MG/5ML SYR,,,,,00000000,Unknown,February 2009,,folic acid 0.5mg/5ml-with iron 80mg/5ml syr
8993,2145,FOLIC ACID 1 MG CAP,,,,,00000000,Unknown,February 2009,,folic acid 1 mg cap
4070,850,FOLIC ACID 1 MG SYR,,,,,00000000,Unknown,February 2009,,folic acid 1 mg syr
4130,915,FOLIC ACID 1 MG TAB,,,,,00000000,Unknown,February 2009,,folic acid 1 mg tab
14434,430,FOLIC ACID 10 MCG TAB,,,,,00000000,Unknown,February 2009,,folic acid 10 mcg tab
15485,124,FOLIC ACID 100 MG SYR,,,,,00000000,Unknown,February 2009,,folic acid 100 mg syr
10823,84,FOLIC ACID 15 MG INJ,,,,,00000000,Unknown,February 2009,,folic acid 15 mg inj
27419,20,FOLIC ACID 2.5MG/5ML-WITH IRON 80MG/5ML SYR,,,,,00000000,Unknown,February 2009,,folic acid 2.5mg/5ml-with iron 80mg/5ml syr
22227,53,FOLIC ACID 25 MG TAB,,,,,00000000,Unknown,February 2009,,folic acid 25 mg tab
1307,305,FOLIC ACID 400 MCG TAB,,,,,00000000,Unknown,February 2009,,folic acid 400 mcg tab
14460,480,FOLIC ACID 5 MG INJ,,,,,00000000,Unknown,February 2009,,folic acid 5 mg inj
9080,514,FOLIC ACID 500 MG TAB,,,,,00000000,Unknown,February 2009,,folic acid 500 mg tab
20191,36,FOLIC ACID CHEWABLE 400 MCG TAB,,,,,00000000,Unknown,February 2009,,folic acid chewable 400 mcg tab
3767,486,FOLIC ACID DROPS DRO,,,,,00000000,Unknown,February 2009,,folic acid drops dro
4024,4960,IRON 100MG/FOLIC ACID 350MCG TAB,,,,,00000000,Unknown,February 2009,,iron 100mg/folic acid 350mcg tab
60141,1,Seven Seas One-A-Day Vitamin B Complex with Brewers Yeast and Folic Acid capsules (Seven Seas Ltd),,,Capsule,Oral,09060200,Vitamin B Group,June 2014,,seven seas one-a-day vitamin b complex with brewers yeast and folic acid capsules (seven seas ltd)
82565,100,Generic Vivioptal capsules,Adenosine/Sodium molybdate anhydrous/Biotin/Colecalciferol/Choline hydrogen tartrate/L-Lysine monohydrochloride/Cobaltous sulfate monohydrate/Copper sulfate monohydrate/Cyanocobalamin/Dexpanthenol/Calcium hydrogen phosphate anhydrous/Ferrous sulfate dried/Folic acid/Magnesium glycerophosphate/Inositol/Lecithin/Ethyl linoleate/Manganese sulfate monohydrate/Nicotinamide/Orotic acid anhydrous/Potassium sulfate/Pyridoxine hydrochloride/Riboflavin/Rutoside/Thiamine nitrate/Vitamin A palmitate/Calcium ascorbate/Alpha tocopheryl acetate/Zinc oxide,750microgram + 80microgram + 50microgram + 400unit + 50mg + 25mg + 100microgram + 500microgram + 3microgram + 10mg + 35mg + 10mg + 400microgram + 40mg + 30mg + 60mg + 28mg + 500microgram + 25mg + 30mg + 8mg + 6.08mg + 3mg + 20mg + 5mg + 5000unit + 60mg + 10mg + 500microgram,Capsule,Oral,09060700,Multivitamin And Multimineral Preparations,January 2021,adenosine/sodium molybdate anhydrous/biotin/colecalciferol/choline hydrogen tartrate/l-lysine monohydrochloride/cobaltous sulfate monohydrate/copper sulfate monohydrate/cyanocobalamin/dexpanthenol/calcium hydrogen phosphate anhydrous/ferrous sulfate dried/folic acid/magnesium glycerophosphate/inositol/lecithin/ethyl linoleate/manganese sulfate monohydrate/nicotinamide/orotic acid anhydrous/potassium sulfate/pyridoxine hydrochloride/riboflavin/rutoside/thiamine nitrate/vitamin a palmitate/calcium ascorbate/alpha tocopheryl acetate/zinc oxide,generic vivioptal capsules
14077,22188,Vivioptal capsules (Bausch & Lomb UK Ltd),Adenosine/Sodium molybdate anhydrous/Biotin/Colecalciferol/Choline hydrogen tartrate/L-Lysine monohydrochloride/Cobaltous sulfate monohydrate/Copper sulfate monohydrate/Cyanocobalamin/Dexpanthenol/Calcium hydrogen phosphate anhydrous/Ferrous sulfate dried/Folic acid/Magnesium glycerophosphate/Inositol/Lecithin/Ethyl linoleate/Manganese sulfate monohydrate/Nicotinamide/Orotic acid anhydrous/Potassium sulfate/Pyridoxine hydrochloride/Riboflavin/Rutoside/Thiamine nitrate/Vitamin A palmitate/Calcium ascorbate/Alpha tocopheryl acetate/Zinc oxide,750microgram + 80microgram + 50microgram + 400unit + 50mg + 25mg + 100microgram + 500microgram + 3microgram + 10mg + 35mg + 10mg + 400microgram + 40mg + 30mg + 60mg + 28mg + 500microgram + 25mg + 30mg + 8mg + 6.08mg + 3mg + 20mg + 5mg + 5000unit + 60mg + 10mg + 500microgram,Capsule,Oral,09060700,Multivitamin And Multimineral Preparations,February 2009,adenosine/sodium molybdate anhydrous/biotin/colecalciferol/choline hydrogen tartrate/l-lysine monohydrochloride/cobaltous sulfate monohydrate/copper sulfate monohydrate/cyanocobalamin/dexpanthenol/calcium hydrogen phosphate anhydrous/ferrous sulfate dried/folic acid/magnesium glycerophosphate/inositol/lecithin/ethyl linoleate/manganese sulfate monohydrate/nicotinamide/orotic acid anhydrous/potassium sulfate/pyridoxine hydrochloride/riboflavin/rutoside/thiamine nitrate/vitamin a palmitate/calcium ascorbate/alpha tocopheryl acetate/zinc oxide,vivioptal capsules (bausch & lomb uk ltd)
37581,687,Healthy start vitamins for women Tablet (Bayer Plc),Ascorbic Acid/Colecalciferol/Folic Acid,,Tablet,Oral,09060700,Multivitamin And Multimineral Preparations,February 2009,ascorbic acid/colecalciferol/folic acid,healthy start vitamins for women tablet (bayer plc)
38303,4,Vitamins c & d3 with folic acid tablets,Ascorbic Acid/Colecalciferol/Folic Acid,,Tablets,Oral,09060700,Multivitamin And Multimineral Preparations,February 2009,ascorbic acid/colecalciferol/folic acid,vitamins c & d3 with folic acid tablets
15940,23,Folic acid with multivitamins and minerals Capsule,Ascorbic Acid/Copper/Folic Acid/Iodine/Iron/Magnesium/Nicotinic Acid/Riboflavin/Pyridoxine/Soya Oil/Vitamin D/Zinc/Alpha Tocopheryl Hydrogen Succinate/Selenium/Beta Carotene/Vitamin K/Thiamine/Vitamin B12,,Capsule,Oral,09060750,-,February 2009,ascorbic acid/copper/folic acid/iodine/iron/magnesium/nicotinic acid/riboflavin/pyridoxine/soya oil/vitamin d/zinc/alpha tocopheryl hydrogen succinate/selenium/beta carotene/vitamin k/thiamine/vitamin b12,folic acid with multivitamins and minerals capsule
15251,354,Pregnacare Capsule (Vitabiotics Ltd),Ascorbic Acid/Copper/Folic Acid/Iodine/Iron/Magnesium/Nicotinic Acid/Riboflavin/Pyridoxine/Soya Oil/Vitamin D/Zinc/Alpha Tocopheryl Hydrogen Succinate/Selenium/Beta Carotene/Vitamin K/Thiamine/Vitamin B12,,Capsule,Oral,09060750,-,February 2009,ascorbic acid/copper/folic acid/iodine/iron/magnesium/nicotinic acid/riboflavin/pyridoxine/soya oil/vitamin d/zinc/alpha tocopheryl hydrogen succinate/selenium/beta carotene/vitamin k/thiamine/vitamin b12,pregnacare capsule (vitabiotics ltd)
37610,43,Omega 3 fish oils with other ingredients Capsule,Ascorbic Acid/Cyanocobalamin/Copper Sulphate/Folic Acid/Manganese Sulphate/Pyridoxine Hydrochloride/Riboflavin/Alpha Tocopherol/Zinc Sulphate/Lecithin/Colecalciferol/Thiamine Nitrate/Marine Fish Oil/Sodium Selenite/Garlic Oil/Chromic Chloride/C,,Capsule,Oral,09060750,-,February 2009,ascorbic acid/cyanocobalamin/copper sulphate/folic acid/manganese sulphate/pyridoxine hydrochloride/riboflavin/alpha tocopherol/zinc sulphate/lecithin/colecalciferol/thiamine nitrate/marine fish oil/sodium selenite/garlic oil/chromic chloride/c,omega 3 fish oils with other ingredients capsule
58740,46,Generic Ketovite tablets,Ascorbic acid/Riboflavin/Thiamine hydrochloride/Pyridoxine hydrochloride/Nicotinamide/Calcium pantothenate/Alpha tocopheryl acetate/Inositol/Biotin/Folic acid/Acetomenaphthone,16.6mg + 1mg + 1mg + 330microgram + 3.3mg + 1.16mg + 5mg + 50mg + 170microgram + 250microgram + 500microgram,Tablet,Oral,09060700,Multivitamin And Multimineral Preparations,February 2014,ascorbic acid/riboflavin/thiamine hydrochloride/pyridoxine hydrochloride/nicotinamide/calcium pantothenate/alpha tocopheryl acetate/inositol/biotin/folic acid/acetomenaphthone,generic ketovite tablets
3617,130270,Ketovite tablets (Essential Pharmaceuticals Ltd),Ascorbic acid/Riboflavin/Thiamine hydrochloride/Pyridoxine hydrochloride/Nicotinamide/Calcium pantothenate/Alpha tocopheryl acetate/Inositol/Biotin/Folic acid/Acetomenaphthone,16.6mg + 1mg + 1mg + 330microgram + 3.3mg + 1.16mg + 5mg + 50mg + 170microgram + 250microgram + 500microgram,Tablet,Oral,09060700,Multivitamin And Multimineral Preparations,February 2009,ascorbic acid/riboflavin/thiamine hydrochloride/pyridoxine hydrochloride/nicotinamide/calcium pantothenate/alpha tocopheryl acetate/inositol/biotin/folic acid/acetomenaphthone,ketovite tablets (essential pharmaceuticals ltd)
46958,7,Ascorbic acid with other vitamins tablets,Betacarotene/Biotin/Cyanocobalamin/Thiamine Nitrate/Vitamin A/Vitamin D/Ascorbic Acid/Riboflavin/Alpha Tocopherol/Selenium/Nicotinic Acid/Folic Acid,,Tablets,Oral,09060700,Multivitamin And Multimineral Preparations,March 2012,betacarotene/biotin/cyanocobalamin/thiamine nitrate/vitamin a/vitamin d/ascorbic acid/riboflavin/alpha tocopherol/selenium/nicotinic acid/folic acid,ascorbic acid with other vitamins tablets
20085,1360,Sanatogen classic Tablet (Roche Consumer Health),Betacarotene/Cyanocobalamin/Iron/Ginkgo Biloba/Ginseng/Pyridoxine Hydrochloride/Thiamine Hydrochloride/Vitamin A/Vitamin D/Pantothenic Acid/Ascorbic Acid/Riboflavin/Potassium/Alpha Tocopherol/Copper/Nicotinic Acid/Folic Acid,,Tablet,Oral,09010101/09060700,Oral Iron/Multivitamin And Multimineral Preparations,February 2009,betacarotene/cyanocobalamin/iron/ginkgo biloba/ginseng/pyridoxine hydrochloride/thiamine hydrochloride/vitamin a/vitamin d/pantothenic acid/ascorbic acid/riboflavin/potassium/alpha tocopherol/copper/nicotinic acid/folic acid,sanatogen classic tablet (roche consumer health)
12730,265,"Vitamin c with vitamins, minerals & other ingredients tablets",Betacarotene/Cyanocobalamin/Iron/Ginkgo Biloba/Ginseng/Pyridoxine Hydrochloride/Thiamine Hydrochloride/Vitamin A/Vitamin D/Pantothenic Acid/Ascorbic Acid/Riboflavin/Potassium/Alpha Tocopherol/Copper/Nicotinic Acid/Folic Acid,,Tablets,Oral,09010101/09060700,Oral Iron/Multivitamin And Multimineral Preparations,February 2009,betacarotene/cyanocobalamin/iron/ginkgo biloba/ginseng/pyridoxine hydrochloride/thiamine hydrochloride/vitamin a/vitamin d/pantothenic acid/ascorbic acid/riboflavin/potassium/alpha tocopherol/copper/nicotinic acid/folic acid,"vitamin c with vitamins, minerals & other ingredients tablets"
39117,1453,Forceval Junior capsules (Alliance Pharmaceuticals Ltd),Betacarotene/Ergocalciferol/Thiamine/Riboflavin/Pyridoxine/Cyanocobalamin/Ascorbic acid/Alpha tocopheryl acetate/D-biotin/Nicotinamide/Pantothenic acid/Phytomenadione/Folic acid/Iron/Copper/Magnesium/Zinc/Iodine/Manganese/Selenium/Chromium/Molybdenum,1250unit + 200unit + 1.5mg + 1mg + 1mg + 2microgram + 25mg + 5mg + 50microgram + 7.5mg + 2mg + 25microgram + 100microgram + 5mg + 1mg + 1mg + 5mg + 75microgram + 1.25mg + 25microgram + 50microgram + 50microgram,Capsule,Oral,09060700,Multivitamin And Multimineral Preparations,April 2009,betacarotene/ergocalciferol/thiamine/riboflavin/pyridoxine/cyanocobalamin/ascorbic acid/alpha tocopheryl acetate/d-biotin/nicotinamide/pantothenic acid/phytomenadione/folic acid/iron/copper/magnesium/zinc/iodine/manganese/selenium/chromium/molybdenum,forceval junior capsules (alliance pharmaceuticals ltd)
74090,8,Generic Forceval Junior capsules,Betacarotene/Ergocalciferol/Thiamine/Riboflavin/Pyridoxine/Cyanocobalamin/Ascorbic acid/Alpha tocopheryl acetate/D-biotin/Nicotinamide/Pantothenic acid/Phytomenadione/Folic acid/Iron/Copper/Magnesium/Zinc/Iodine/Manganese/Selenium/Chromium/Molybdenum,1250unit + 200unit + 1.5mg + 1mg + 1mg + 2microgram + 25mg + 5mg + 50microgram + 7.5mg + 2mg + 25microgram + 100microgram + 5mg + 1mg + 1mg + 5mg + 75microgram + 1.25mg + 25microgram + 50microgram + 50microgram,Capsule,Oral,09060700,Multivitamin And Multimineral Preparations,December 2018,betacarotene/ergocalciferol/thiamine/riboflavin/pyridoxine/cyanocobalamin/ascorbic acid/alpha tocopheryl acetate/d-biotin/nicotinamide/pantothenic acid/phytomenadione/folic acid/iron/copper/magnesium/zinc/iodine/manganese/selenium/chromium/molybdenum,generic forceval junior capsules
14127,1339,Adeks Tablet (Scandipharm),Betacarotene/Zinc Oxide/Biotin/Cyanocobalamin/Phytomenadione/Pyridoxine/Thiamine/Vitamin A/Pantothenic Acid/Ascorbic Acid/Riboflavin/Alpha Tocopherol/Colecalciferol/Nicotinic Acid/Folic Acid,,Tablet,Oral,09060750,-,February 2009,betacarotene/zinc oxide/biotin/cyanocobalamin/phytomenadione/pyridoxine/thiamine/vitamin a/pantothenic acid/ascorbic acid/riboflavin/alpha tocopherol/colecalciferol/nicotinic acid/folic acid,adeks tablet (scandipharm)
43259,0,"Vitamin a, c & d with 11 other vitamins & 1 mineral (combination no1) tabs",Betacarotene/Zinc Oxide/Biotin/Cyanocobalamin/Phytomenadione/Pyridoxine/Thiamine/Vitamin A/Pantothenic Acid/Ascorbic Acid/Riboflavin/Alpha Tocopherol/Colecalciferol/Nicotinic Acid/Folic Acid,,Tablets,Oral,09060750,-,August 2010,betacarotene/zinc oxide/biotin/cyanocobalamin/phytomenadione/pyridoxine/thiamine/vitamin a/pantothenic acid/ascorbic acid/riboflavin/alpha tocopherol/colecalciferol/nicotinic acid/folic acid,"vitamin a, c & d with 11 other vitamins & 1 mineral (combination no1) tabs"
46023,0,Multivitamins with minerals and herb extracts Capsule,Biotin/Ascorbic Acid/Cyanocobalamin/Cysteine/Calcium Pantothenate/Copper Sulphate/Folic Acid/Ferrous Fumarate/Magnesium Oxide/Manganese Sulphate/Nicotinamide/Potassium Iodide/Pyridoxine Hydrochloride/Riboflavin/Alpha Tocopherol/Zinc Sulphate/Co,,Capsule,Oral,09060750,-,August 2011,biotin/ascorbic acid/cyanocobalamin/cysteine/calcium pantothenate/copper sulphate/folic acid/ferrous fumarate/magnesium oxide/manganese sulphate/nicotinamide/potassium iodide/pyridoxine hydrochloride/riboflavin/alpha tocopherol/zinc sulphate/co,multivitamins with minerals and herb extracts capsule
23072,79,Perfectil Capsule (Vitabiotics Ltd),Biotin/Ascorbic Acid/Cyanocobalamin/Cysteine/Calcium Pantothenate/Copper Sulphate/Folic Acid/Ferrous Fumarate/Magnesium Oxide/Manganese Sulphate/Nicotinamide/Potassium Iodide/Pyridoxine Hydrochloride/Riboflavin/Alpha Tocopherol/Zinc Sulphate/Co,,Capsule,Oral,09060750,-,February 2009,biotin/ascorbic acid/cyanocobalamin/cysteine/calcium pantothenate/copper sulphate/folic acid/ferrous fumarate/magnesium oxide/manganese sulphate/nicotinamide/potassium iodide/pyridoxine hydrochloride/riboflavin/alpha tocopherol/zinc sulphate/co,perfectil capsule (vitabiotics ltd)
35823,0,Cernevit powder for solution for injection vials (Baxter Healthcare Ltd),Biotin/Nicotinamide/Dexpanthenol/Folic acid/Cyanocobalamin/Pyridoxine hydrochloride/Riboflavin sodium phosphate/Thiamine/Colecalciferol/Retinol/Alpha tocopherol/Ascorbic acid,69microgram + 46mg + 17.25mg + 414microgram + 6microgram + 4.53mg + 4.14mg + 3.51mg + 220unit + 3500unit + 11.2unit + 125mg,Powder for solution for injection,Intravenous,09030000,Intravenous Nutrition,February 2009,biotin/nicotinamide/dexpanthenol/folic acid/cyanocobalamin/pyridoxine hydrochloride/riboflavin sodium phosphate/thiamine/colecalciferol/retinol/alpha tocopherol/ascorbic acid,cernevit powder for solution for injection vials (baxter healthcare ltd)
16067,11005,Sanatogen gold A to Z Tablet (Roche Consumer Health),Biotin/Sodium Molybdate/Ascorbic Acid/Borax/Silica/Vitamin A Acetate/Calcium Pantothenate/Folic Acid/Ferrous Fumarate/Magnesium Oxide/Nicotinic Acid/Potassium Chloride/Potassium Iodide/Pyridoxine Hydrochloride/Riboflavin/Alpha Tocopherol/Vitami,,Tablet,Oral,09060750,-,February 2009,biotin/sodium molybdate/ascorbic acid/borax/silica/vitamin a acetate/calcium pantothenate/folic acid/ferrous fumarate/magnesium oxide/nicotinic acid/potassium chloride/potassium iodide/pyridoxine hydrochloride/riboflavin/alpha tocopherol/vitami,sanatogen gold a to z tablet (roche consumer health)
36060,5,"Vitamin a, c & d with 11 other vitamins & 17 minerals (combination no1) tablets",Biotin/Sodium Molybdate/Ascorbic Acid/Borax/Silica/Vitamin A Acetate/Calcium Pantothenate/Folic Acid/Ferrous Fumarate/Magnesium Oxide/Nicotinic Acid/Potassium Chloride/Potassium Iodide/Pyridoxine Hydrochloride/Riboflavin/Alpha Tocopherol/Vitami,,Tablets,Oral,09060750,-,February 2009,biotin/sodium molybdate/ascorbic acid/borax/silica/vitamin a acetate/calcium pantothenate/folic acid/ferrous fumarate/magnesium oxide/nicotinic acid/potassium chloride/potassium iodide/pyridoxine hydrochloride/riboflavin/alpha tocopherol/vitami,"vitamin a, c & d with 11 other vitamins & 17 minerals (combination no1) tablets"
15980,11179,Centrum Tablet (Wyeth Consumer Healthcare),Biotin/Sodium Molybdate/Ascorbic Acid/Calcium Pantothenate/Copper Sulphate/Folic Acid/Ferrous Fumarate/Magnesium Oxide/Manganese Sulphate/Nicotinamide/Potassium Chloride/Potassium Iodide/Riboflavin/Pyridoxine/Alpha Tocopherol/Vitamin A/Vitamin,,Tablet,Oral,09060750,-,February 2009,biotin/sodium molybdate/ascorbic acid/calcium pantothenate/copper sulphate/folic acid/ferrous fumarate/magnesium oxide/manganese sulphate/nicotinamide/potassium chloride/potassium iodide/riboflavin/pyridoxine/alpha tocopherol/vitamin a/vitamin,centrum tablet (wyeth consumer healthcare)
16000,2068,Centrum select 50+ Tablet (Wyeth Consumer Healthcare),Biotin/Sodium Molybdate/Ascorbic Acid/Calcium Pantothenate/Copper Sulphate/Folic Acid/Ferrous Fumarate/Magnesium Oxide/Manganese Sulphate/Nicotinamide/Potassium Chloride/Potassium Iodide/Riboflavin/Pyridoxine/Alpha Tocopherol/Vitamin A/Vitamin,,Tablet,Oral,09060750,-,February 2009,biotin/sodium molybdate/ascorbic acid/calcium pantothenate/copper sulphate/folic acid/ferrous fumarate/magnesium oxide/manganese sulphate/nicotinamide/potassium chloride/potassium iodide/riboflavin/pyridoxine/alpha tocopherol/vitamin a/vitamin,centrum select 50+ tablet (wyeth consumer healthcare)
33892,2,Multivitamins with minerals and trace elements (50with) Tablet,Biotin/Sodium Molybdate/Ascorbic Acid/Calcium Pantothenate/Copper Sulphate/Folic Acid/Ferrous Fumarate/Magnesium Oxide/Manganese Sulphate/Nicotinamide/Potassium Chloride/Potassium Iodide/Riboflavin/Pyridoxine/Alpha Tocopherol/Vitamin A/Vitamin,,Tablet,Oral,09060750,-,February 2009,biotin/sodium molybdate/ascorbic acid/calcium pantothenate/copper sulphate/folic acid/ferrous fumarate/magnesium oxide/manganese sulphate/nicotinamide/potassium chloride/potassium iodide/riboflavin/pyridoxine/alpha tocopherol/vitamin a/vitamin,multivitamins with minerals and trace elements (50with) tablet
19239,26,Multivitamins with minerals and trace elements Tablet,Biotin/Sodium Molybdate/Ascorbic Acid/Calcium Pantothenate/Copper Sulphate/Folic Acid/Ferrous Fumarate/Magnesium Oxide/Manganese Sulphate/Nicotinamide/Potassium Chloride/Potassium Iodide/Riboflavin/Pyridoxine/Alpha Tocopherol/Vitamin A/Vitamin,,Tablet,Oral,09060750,-,February 2009,biotin/sodium molybdate/ascorbic acid/calcium pantothenate/copper sulphate/folic acid/ferrous fumarate/magnesium oxide/manganese sulphate/nicotinamide/potassium chloride/potassium iodide/riboflavin/pyridoxine/alpha tocopherol/vitamin a/vitamin,multivitamins with minerals and trace elements tablet
30181,9,Sanatogen teen Capsule (Roche Consumer Health),Calcium Carbonate/Magnesium Oxide/Nicotinamide/Cyanocobalamin/Pyridoxine Hydrochloride/Thiamine Hydrochloride/Vitamin A/Vitamin D/Ferrous Sulphate/Ascorbic Acid/Riboflavin/Alpha Tocopherol/Folic Acid,,Capsule,Oral,09010101/09060300,Oral Iron/Vitamin C,February 2009,calcium carbonate/magnesium oxide/nicotinamide/cyanocobalamin/pyridoxine hydrochloride/thiamine hydrochloride/vitamin a/vitamin d/ferrous sulphate/ascorbic acid/riboflavin/alpha tocopherol/folic acid,sanatogen teen capsule (roche consumer health)
5608,3103,Vitamin c with vitamins & minerals capsules,Calcium Carbonate/Magnesium Oxide/Nicotinamide/Cyanocobalamin/Pyridoxine Hydrochloride/Thiamine Hydrochloride/Vitamin A/Vitamin D/Ferrous Sulphate/Ascorbic Acid/Riboflavin/Alpha Tocopherol/Folic Acid,,Capsules,Oral,09010101/09060300,Oral Iron/Vitamin C,February 2009,calcium carbonate/magnesium oxide/nicotinamide/cyanocobalamin/pyridoxine hydrochloride/thiamine hydrochloride/vitamin a/vitamin d/ferrous sulphate/ascorbic acid/riboflavin/alpha tocopherol/folic acid,vitamin c with vitamins & minerals capsules
30618,151,Estroven Tablet (Estroven Ltd),Calcium/Folic Acid/Iodine/Nicotinic Acid/Riboflavin/Pyridoxine/Soya Oil/Alpha Tocopherol/Arrowroot/Selenium/Thiamine/Vitamin B12,,Tablet,Oral,09060750,-,February 2009,calcium/folic acid/iodine/nicotinic acid/riboflavin/pyridoxine/soya oil/alpha tocopherol/arrowroot/selenium/thiamine/vitamin b12,estroven tablet (estroven ltd)
12164,321,Folicin Tablet (Link Pharmaceuticals Ltd),Copper Sulphate/Ferrous Sulphate/Folic Acid/Manganese Sulphate,,Tablet,Oral,09010101,Oral Iron,February 2009,copper sulphate/ferrous sulphate/folic acid/manganese sulphate,folicin tablet (link pharmaceuticals ltd)
13789,62,Ferric ammonium citrate 400mg/5ml / Folic acid 2.5mg/5ml oral solution sugar free,Ferric ammonium citrate/Folic acid,80mg/1ml + 500microgram/1ml,Oral solution,Oral,00000000,Unknown,February 2009,ferric ammonium citrate/folic acid,ferric ammonium citrate 400mg/5ml / folic acid 2.5mg/5ml oral solution sugar free
13790,92,Ferric ammonium citrate 400mg/5ml / Folic acid 500micrograms/5ml oral solution sugar free,Ferric ammonium citrate/Folic acid,80mg/1ml + 100microgram/1ml,Oral solution,Oral,00000000,Unknown,February 2009,ferric ammonium citrate/folic acid,ferric ammonium citrate 400mg/5ml / folic acid 500micrograms/5ml oral solution sugar free
29296,95,Folic acid with iron 2.5mg+80mg/5ml Oral solution (Rosemont Pharmaceuticals Ltd),Ferric ammonium citrate/Folic acid,80mg/1ml + 500microgram/1ml,Oral solution,Oral,09010101,Oral Iron,February 2009,ferric ammonium citrate/folic acid,folic acid with iron 2.5mg+80mg/5ml oral solution (rosemont pharmaceuticals ltd)
38518,19,Folic acid with iron-m 0.5mg+80mg/5ml Oral solution (Rosemont Pharmaceuticals Ltd),Ferric ammonium citrate/Folic acid,80mg/1ml + 100microgram/1ml,Oral solution,Oral,09010101,Oral Iron,February 2009,ferric ammonium citrate/folic acid,folic acid with iron-m 0.5mg+80mg/5ml oral solution (rosemont pharmaceuticals ltd)
9638,686,Lexpec Folic Acid and Iron M oral solution (Rosemont Pharmaceuticals Ltd),Ferric ammonium citrate/Folic acid,80mg/1ml + 100microgram/1ml,Oral solution,Oral,09010200,Drugs Used In Megaloblastic Anaemias,February 2009,ferric ammonium citrate/folic acid,lexpec folic acid and iron m oral solution (rosemont pharmaceuticals ltd)
16622,396,Lexpec Folic Acid with Iron oral solution (Rosemont Pharmaceuticals Ltd),Ferric ammonium citrate/Folic acid,80mg/1ml + 500microgram/1ml,Oral solution,Oral,09010200,Drugs Used In Megaloblastic Anaemias,February 2009,ferric ammonium citrate/folic acid,lexpec folic acid with iron oral solution (rosemont pharmaceuticals ltd)
18292,227,Ferrocap-f 350 Modified-release capsule (Consolidated Chemicals (UK) Ltd),Ferrous Fumarate/Folic Acid,,Modified-Release Capsule,Oral,09010101,Oral Iron,February 2009,ferrous fumarate/folic acid,ferrocap-f 350 modified-release capsule (consolidated chemicals (uk) ltd)
29027,7,Ferrous fumarate with low dose folic acid 100mg with 400micrograms Tablet,Ferrous Fumarate/Folic Acid,100mg + 400micrograms,Tablet,Oral,09010101,Oral Iron,February 2009,ferrous fumarate/folic acid,ferrous fumarate with low dose folic acid 100mg with 400micrograms tablet
22097,231,Ferrous fumarate with low dose folic acid 330mgwith350microgram modified-release capsule,Ferrous Fumarate/Folic Acid,330mg + 350micrograms,Modified-Release Capsule,Oral,09010101,Oral Iron,February 2009,ferrous fumarate/folic acid,ferrous fumarate with low dose folic acid 330mgwith350microgram modified-release capsule
1718,627,Meterfolic 100mg+400microgram Tablet (Sinclair IS Pharma Plc),Ferrous Fumarate/Folic Acid,100mg+400microgram,Tablet,Oral,09010101,Oral Iron,February 2009,ferrous fumarate/folic acid,meterfolic 100mg+400microgram tablet (sinclair is pharma plc)
28080,37,Ferrous gluconate with high dose folic acid 30mg with 5mg Tablet,Ferrous Gluconate/Folic Acid,30mg + 5mg,Tablet,Oral,09010101,Oral Iron,February 2009,ferrous gluconate/folic acid,ferrous gluconate with high dose folic acid 30mg with 5mg tablet
4827,16089,Ferrous fumarate 305mg / Folic acid 350microgram capsules,Ferrous fumarate/Folic acid,305mg + 350microgram,Capsule,Oral,09010101,Oral Iron,February 2009,ferrous fumarate/folic acid,ferrous fumarate 305mg / folic acid 350microgram capsules
1802,55481,Ferrous fumarate 322mg / Folic acid 350microgram tablets,Ferrous fumarate/Folic acid,322mg + 350microgram,Tablet,Oral,09010101,Oral Iron,February 2009,ferrous fumarate/folic acid,ferrous fumarate 322mg / folic acid 350microgram tablets
8190,2178,Folex -350 Tablet (Shire Pharmaceuticals Ltd),Ferrous fumarate/Folic acid,322mg + 350microgram,Tablet,Oral,09010101,Oral Iron,February 2009,ferrous fumarate/folic acid,folex -350 tablet (shire pharmaceuticals ltd)
10340,47647,Galfer FA capsules (Thornton & Ross Ltd),Ferrous fumarate/Folic acid,305mg + 350microgram,Capsule,Oral,09010101,Oral Iron,February 2009,ferrous fumarate/folic acid,galfer fa capsules (thornton & ross ltd)
969,401146,Pregaday 322mg/350microgram tablets (RPH Pharmaceuticals AB),Ferrous fumarate/Folic acid,322mg + 350microgram,Tablet,Oral,09010101,Oral Iron,February 2009,ferrous fumarate/folic acid,pregaday 322mg/350microgram tablets (rph pharmaceuticals ab)
7899,827,Ferfolic SV modified-release tablets (Durbin Plc),Ferrous gluconate/Folic acid,250mg + 4mg,Modified-release tablet,Oral,09010101,Oral Iron,February 2009,ferrous gluconate/folic acid,ferfolic sv modified-release tablets (durbin plc)
1102,83475,Fefol Spansules (Intrapharm Laboratories Ltd),Ferrous sulfate dried/Folic acid,150mg + 500microgram,Modified-release capsule,Oral,09010101,Oral Iron,February 2009,ferrous sulfate dried/folic acid,fefol spansules (intrapharm laboratories ltd)
7263,63025,Ferrograd Folic 325mg/350microgram modified-release tablets (Teofarma),Ferrous sulfate dried/Folic acid,325mg + 350microgram,Modified-release tablet,Oral,09010101,Oral Iron,February 2009,ferrous sulfate dried/folic acid,ferrograd folic 325mg/350microgram modified-release tablets (teofarma)
7383,856,Ferrous sulfate 150mg / Folic acid 500microgram modified-release capsules,Ferrous sulfate dried/Folic acid,150mg + 500microgram,Modified-release capsule,Oral,09010101,Oral Iron,February 2009,ferrous sulfate dried/folic acid,ferrous sulfate 150mg / folic acid 500microgram modified-release capsules
4807,1287,Ferrous sulfate 160mg / Folic acid 400microgram modified-release tablets,Ferrous sulfate dried/Folic acid,160mg + 400microgram,Modified-release tablet,Oral,00000000,Unknown,February 2009,ferrous sulfate dried/folic acid,ferrous sulfate 160mg / folic acid 400microgram modified-release tablets
6537,10743,Ferrous sulfate 325mg / Folic acid 350microgram modified-release tablets,Ferrous sulfate dried/Folic acid,325mg + 350microgram,Modified-release tablet,Oral,09010101,Oral Iron,February 2009,ferrous sulfate dried/folic acid,ferrous sulfate 325mg / folic acid 350microgram modified-release tablets
3392,26095,Slow Fe Folic 160mg/400microgram tablets (Novartis Consumer Health UK Ltd),Ferrous sulfate dried/Folic acid,160mg + 400microgram,Modified-release tablet,Oral,00000000,Unknown,February 2009,ferrous sulfate dried/folic acid,slow fe folic 160mg/400microgram tablets (novartis consumer health uk ltd)
58036,0,Generic Ironorm capsules,Ferrous sulfate dried/Folic acid/Thiamine hydrochloride/Riboflavin/Ascorbic acid/Nicotinamide,195mg + 1.7mg + 1mg + 2mg + 15mg + 10mg,Capsule,Oral,09010000/09040251,Anaemias And Some Other Blood Disorders/Nutritional Supplements,December 2013,ferrous sulfate dried/folic acid/thiamine hydrochloride/riboflavin/ascorbic acid/nicotinamide,generic ironorm capsules
32186,5,Ironorm capsules (Wallace Manufacturing Chemists Ltd),Ferrous sulfate dried/Folic acid/Thiamine hydrochloride/Riboflavin/Ascorbic acid/Nicotinamide,195mg + 1.7mg + 1mg + 2mg + 15mg + 10mg,Capsule,Oral,09010000/09040251,Anaemias And Some Other Blood Disorders/Nutritional Supplements,February 2009,ferrous sulfate dried/folic acid/thiamine hydrochloride/riboflavin/ascorbic acid/nicotinamide,ironorm capsules (wallace manufacturing chemists ltd)
5813,518,Folic acid 300microgram/5ml Oral solution,Folic Acid,300microgram/5ml,Oral Solution,Oral,09010200,Drugs Used In Megaloblastic Anaemias,February 2009,folic acid,folic acid 300microgram/5ml oral solution
34241,1,Folic acid 300microgram/5ml Oral solution (Rosemont Pharmaceuticals Ltd),Folic Acid,300microgram/5ml,Oral Solution,Oral,09010200,Drugs Used In Megaloblastic Anaemias,February 2009,folic acid,folic acid 300microgram/5ml oral solution (rosemont pharmaceuticals ltd)
10165,136,Folic acid 4mg/5ml Oral solution,Folic Acid,4mg/5ml,Oral Solution,Oral,09010200,Drugs Used In Megaloblastic Anaemias,February 2009,folic acid,folic acid 4mg/5ml oral solution
34239,2,Folic acid 5mg/5ml Oral solution (Rosemont Pharmaceuticals Ltd),Folic Acid,5mg/5ml,Oral Solution,Oral,09010200,Drugs Used In Megaloblastic Anaemias,February 2009,folic acid,folic acid 5mg/5ml oral solution (rosemont pharmaceuticals ltd)
10100,9926,Folic acid Oral solution,Folic Acid,5mg/5ml,Oral Solution,Oral,09010200,Drugs Used In Megaloblastic Anaemias,February 2009,folic acid,folic acid oral solution
2574,28485,Ferrocontin folic continus sr Tablet (Viatris Pharmaceuticals Ltd),Folic Acid/Ferrous Glycine Sulphate,,Tablet,Oral,09010101,Oral Iron,February 2009,folic acid/ferrous glycine sulphate,ferrocontin folic continus sr tablet (viatris pharmaceuticals ltd)
17787,97,Ferrous glycine sulphate with low dose folic acid Modified-release tablet,Folic Acid/Ferrous Glycine Sulphate,100mg + 500micrograms,Modified-Release Tablet,Oral,09010101,Oral Iron,February 2009,folic acid/ferrous glycine sulphate,ferrous glycine sulphate with low dose folic acid modified-release tablet
80184,2,FoliSol 2.5mg/5ml oral solution (TriOn Pharma Ltd),Folic acid,500microgram/1ml,Oral solution,Oral,09010200,Drugs Used In Megaloblastic Anaemias,March 2020,folic acid,folisol 2.5mg/5ml oral solution (trion pharma ltd)
72316,1,Folic acid 1.5mg/5ml oral solution,Folic acid,300microgram/1ml,Oral solution,Oral,09010200,Drugs Used In Megaloblastic Anaemias,June 2018,folic acid,folic acid 1.5mg/5ml oral solution
55199,7,Folic acid 100microgram tablets,Folic acid,100microgram,Tablet,Oral,09010200,Drugs Used In Megaloblastic Anaemias,May 2013,folic acid,folic acid 100microgram tablets
68154,22,Folic acid 100micrograms/5ml oral solution,Folic acid,20microgram/1ml,Oral solution,Oral,09010200,Drugs Used In Megaloblastic Anaemias,November 2016,folic acid,folic acid 100micrograms/5ml oral solution
68155,25,Folic acid 100micrograms/5ml oral suspension,Folic acid,20microgram/1ml,Oral suspension,Oral,09010200,Drugs Used In Megaloblastic Anaemias,November 2016,folic acid,folic acid 100micrograms/5ml oral suspension
18531,61,Folic acid 15mg/1ml solution for injection ampoules,Folic acid,15mg/1ml,Solution for injection,Intravenous,09010200,Drugs Used In Megaloblastic Anaemias,February 2009,folic acid,folic acid 15mg/1ml solution for injection ampoules
75166,3,Folic acid 1mg/5ml oral solution,Folic acid,200microgram/1ml,Oral solution,Oral,09010200,Drugs Used In Megaloblastic Anaemias,March 2019,folic acid,folic acid 1mg/5ml oral solution
63180,7,Folic acid 1mg/5ml oral suspension,Folic acid,200microgram/1ml,Oral suspension,Oral,09010200,Drugs Used In Megaloblastic Anaemias,May 2015,folic acid,folic acid 1mg/5ml oral suspension
34268,8,Folic acid 2.5mg/5ml Oral solution (Hillcross Pharmaceuticals Ltd),Folic acid,500microgram/1ml,Oral solution,Oral,09010200,Drugs Used In Megaloblastic Anaemias,February 2009,folic acid,folic acid 2.5mg/5ml oral solution (hillcross pharmaceuticals ltd)
52084,22,Folic acid 2.5mg/5ml oral solution,Folic acid,500microgram/1ml,Oral solution,Oral,09010200,Drugs Used In Megaloblastic Anaemias,January 2013,folic acid,folic acid 2.5mg/5ml oral solution
1622,118315,Folic acid 2.5mg/5ml oral solution sugar free,Folic acid,500microgram/1ml,Oral solution,Oral,09010200,Drugs Used In Megaloblastic Anaemias,February 2009,folic acid,folic acid 2.5mg/5ml oral solution sugar free
55973,79,Folic acid 2.5mg/5ml oral suspension,Folic acid,500microgram/1ml,Oral suspension,Oral,09010200,Drugs Used In Megaloblastic Anaemias,August 2013,folic acid,folic acid 2.5mg/5ml oral suspension
65049,3,Folic acid 250micrograms/5ml oral solution,Folic acid,50microgram/1ml,Oral solution,Oral,09010200,Drugs Used In Megaloblastic Anaemias,December 2015,folic acid,folic acid 250micrograms/5ml oral solution
79412,1,Folic acid 25mg/5ml oral suspension,Folic acid,5mg/1ml,Oral suspension,Oral,09010200,Drugs Used In Megaloblastic Anaemias,December 2019,folic acid,folic acid 25mg/5ml oral suspension
70986,1,Folic acid 2mg/5ml oral suspension,Folic acid,400microgram/1ml,Oral suspension,Oral,09010200,Drugs Used In Megaloblastic Anaemias,December 2017,folic acid,folic acid 2mg/5ml oral suspension
38284,7,Folic acid 400microgram Tablet (Cow & Gate Ltd),Folic acid,400microgram,Tablet,Oral,09010200,Drugs Used In Megaloblastic Anaemias,February 2009,folic acid,folic acid 400microgram tablet (cow & gate ltd)
15743,1347,Folic acid 400microgram Tablet (Cow & Gate Ltd),Folic acid,400microgram,Tablet,Oral,09010200,Drugs Used In Megaloblastic Anaemias,February 2009,folic acid,folic acid 400microgram tablet (cow & gate ltd)
30781,186,Folic acid 400microgram Tablet (Family Health),Folic acid,400microgram,Tablet,Oral,09010200,Drugs Used In Megaloblastic Anaemias,February 2009,folic acid,folic acid 400microgram tablet (family health)
62648,2,Folic acid 400microgram Tablet (Numark Management Ltd),Folic acid,400microgram,Tablet,Oral,09010200,Drugs Used In Megaloblastic Anaemias,March 2015,folic acid,folic acid 400microgram tablet (numark management ltd)
1152,683381,Folic acid 400microgram tablets,Folic acid,400microgram,Tablet,Oral,09010200,Drugs Used In Megaloblastic Anaemias,February 2009,folic acid,folic acid 400microgram tablets
31839,5,Folic acid 400microgram tablets (Nucare Plc),Folic acid,400microgram,Tablet,Oral,09010200,Drugs Used In Megaloblastic Anaemias,February 2009,folic acid,folic acid 400microgram tablets (nucare plc)
52512,8,Folic acid 400micrograms/5ml oral solution,Folic acid,80microgram/1ml,Oral solution,Oral,09010200,Drugs Used In Megaloblastic Anaemias,January 2013,folic acid,folic acid 400micrograms/5ml oral solution
5601,5348,Folic acid 400micrograms/5ml oral solution sugar free,Folic acid,80microgram/1ml,Oral solution,Oral,00000000,Unknown,February 2009,folic acid,folic acid 400micrograms/5ml oral solution sugar free
62258,2,Folic acid 400micrograms/5ml oral suspension,Folic acid,80microgram/1ml,Oral suspension,Oral,09010200,Drugs Used In Megaloblastic Anaemias,January 2015,folic acid,folic acid 400micrograms/5ml oral suspension
69602,2,Folic acid 500micrograms/5ml oral solution,Folic acid,100microgram/1ml,Oral solution,Oral,09010200,Drugs Used In Megaloblastic Anaemias,May 2017,folic acid,folic acid 500micrograms/5ml oral solution
61398,2,Folic acid 500micrograms/5ml oral suspension,Folic acid,100microgram/1ml,Oral suspension,Oral,09010200,Drugs Used In Megaloblastic Anaemias,October 2014,folic acid,folic acid 500micrograms/5ml oral suspension
81,9145951,Folic acid 5mg tablets,Folic acid,5mg,Tablet,Oral,09010200,Drugs Used In Megaloblastic Anaemias,February 2009,folic acid,folic acid 5mg tablets
34565,305,Folic acid 5mg tablets (A A H Pharmaceuticals Ltd),Folic acid,5mg,Tablet,Oral,09010200,Drugs Used In Megaloblastic Anaemias,February 2009,folic acid,folic acid 5mg tablets (a a h pharmaceuticals ltd)
33681,2438,Folic acid 5mg tablets (Accord Healthcare Ltd),Folic acid,5mg,Tablet,Oral,09010200,Drugs Used In Megaloblastic Anaemias,February 2009,folic acid,folic acid 5mg tablets (accord healthcare ltd)
61234,2,Folic acid 5mg tablets (Almus Pharmaceuticals Ltd),Folic acid,5mg,Tablet,Oral,09010200,Drugs Used In Megaloblastic Anaemias,September 2014,folic acid,folic acid 5mg tablets (almus pharmaceuticals ltd)
82389,0,Folic acid 5mg tablets (Arrow Generics Ltd),Folic acid,5mg,Tablet,Oral,09010200,Drugs Used In Megaloblastic Anaemias,January 2021,folic acid,folic acid 5mg tablets (arrow generics ltd)
81885,1,Folic acid 5mg tablets (Crescent Pharma Ltd),Folic acid,5mg,Tablet,Oral,09010200,Drugs Used In Megaloblastic Anaemias,October 2020,folic acid,folic acid 5mg tablets (crescent pharma ltd)
65347,0,Folic acid 5mg tablets (Kent Pharmaceuticals Ltd),Folic acid,5mg,Tablet,Oral,09010200,Drugs Used In Megaloblastic Anaemias,January 2016,folic acid,folic acid 5mg tablets (kent pharmaceuticals ltd)
72499,10,Folic acid 5mg tablets (NorthStar Healthcare Unlimited Company),Folic acid,5mg,Tablet,Oral,09010200,Drugs Used In Megaloblastic Anaemias,July 2018,folic acid,folic acid 5mg tablets (northstar healthcare unlimited company)
63523,0,Folic acid 5mg tablets (Phoenix Healthcare Distribution Ltd),Folic acid,5mg,Tablet,Oral,09010200,Drugs Used In Megaloblastic Anaemias,June 2015,folic acid,folic acid 5mg tablets (phoenix healthcare distribution ltd)
65084,0,Folic acid 5mg tablets (Sigma Pharmaceuticals Plc),Folic acid,5mg,Tablet,Oral,09010200,Drugs Used In Megaloblastic Anaemias,December 2015,folic acid,folic acid 5mg tablets (sigma pharmaceuticals plc)
42111,1,Folic acid 5mg tablets (Sussex Pharmaceutical Ltd),Folic acid,5mg,Tablet,Oral,09010200,Drugs Used In Megaloblastic Anaemias,April 2010,folic acid,folic acid 5mg tablets (sussex pharmaceutical ltd)
37735,338,Folic acid 5mg tablets (Teva UK Ltd),Folic acid,5mg,Tablet,Oral,09010200,Drugs Used In Megaloblastic Anaemias,February 2009,folic acid,folic acid 5mg tablets (teva uk ltd)
34671,4254,Folic acid 5mg tablets (Wockhardt UK Ltd),Folic acid,5mg,Tablet,Oral,09010200,Drugs Used In Megaloblastic Anaemias,February 2009,folic acid,folic acid 5mg tablets (wockhardt uk ltd)
52256,40,Folic acid 5mg/5ml oral solution,Folic acid,1mg/1ml,Oral solution,Oral,09010200,Drugs Used In Megaloblastic Anaemias,January 2013,folic acid,folic acid 5mg/5ml oral solution
68953,2048,Folic acid 5mg/5ml oral solution sugar free,Folic acid,1mg/1ml,Oral solution,Oral,09010200,Drugs Used In Megaloblastic Anaemias,March 2017,folic acid,folic acid 5mg/5ml oral solution sugar free
63886,33,Folic acid 5mg/5ml oral suspension,Folic acid,1mg/1ml,Oral suspension,Oral,09010200,Drugs Used In Megaloblastic Anaemias,July 2015,folic acid,folic acid 5mg/5ml oral suspension
74491,51,FolicA 2.5mg/5ml oral solution (Essential-Healthcare Ltd),Folic acid,500microgram/1ml,Oral solution,Oral,09010200,Drugs Used In Megaloblastic Anaemias,January 2019,folic acid,folica 2.5mg/5ml oral solution (essential-healthcare ltd)
11513,896,Folicare 400micrograms/5ml oral solution (Rosemont Pharmaceuticals Ltd),Folic acid,80microgram/1ml,Oral solution,Oral,09010200,Drugs Used In Megaloblastic Anaemias,February 2009,folic acid,folicare 400micrograms/5ml oral solution (rosemont pharmaceuticals ltd)
65782,2,HealthAid Folic acid 400microgram tablets (HealthAid Ltd),Folic acid,400microgram,Tablet,Oral,09010200,Drugs Used In Megaloblastic Anaemias,March 2016,folic acid,healthaid folic acid 400microgram tablets (healthaid ltd)
4157,2859,Lexpec Folic Acid 2.5mg/5ml oral solution (Rosemont Pharmaceuticals Ltd),Folic acid,500microgram/1ml,Oral solution,Oral,09010200,Drugs Used In Megaloblastic Anaemias,February 2009,folic acid,lexpec folic acid 2.5mg/5ml oral solution (rosemont pharmaceuticals ltd)
25313,302,Preconceive 400microgram tablets (G.R. Lane Health Products Ltd),Folic acid,400microgram,Tablet,Oral,09010200,Drugs Used In Megaloblastic Anaemias,February 2009,folic acid,preconceive 400microgram tablets (g.r. lane health products ltd)
45236,38,Valupak Folic acid 400microgram tablets (BR Pharmaceuticals Ltd),Folic acid,400microgram,Tablet,Oral,09010200,Drugs Used In Megaloblastic Anaemias,May 2011,folic acid,valupak folic acid 400microgram tablets (br pharmaceuticals ltd)
23419,2,Vitafol 5mg Tablet (Dumex Ltd),Folic acid,5mg,Tablet,Oral,09010200,Drugs Used In Megaloblastic Anaemias,February 2009,folic acid,vitafol 5mg tablet (dumex ltd)
59794,90,"Colecalciferol 1,000unit / Folic acid 400microgram capsules",Folic acid/Colecalciferol,400microgram + 1000unit,Capsule,Oral,09010200/09060400,Drugs Used In Megaloblastic Anaemias/Vitamin D,May 2014,folic acid/colecalciferol,"colecalciferol 1,000unit / folic acid 400microgram capsules"
58599,2,Pro D3 folic capsules (Synergy Biologics Ltd),Folic acid/Colecalciferol,400microgram + 1000unit,Capsule,Oral,09010200/09060400,Drugs Used In Megaloblastic Anaemias/Vitamin D,January 2014,folic acid/colecalciferol,pro d3 folic capsules (synergy biologics ltd)
79877,1,Generic Healthy Start Women's Vitamin tablets,Folic acid/Vitamin D/Ascorbic acid,400microgram + 10microgram + 70mg,Tablet,Oral,09040251,Nutritional Supplements,February 2020,folic acid/vitamin d/ascorbic acid,generic healthy start women's vitamin tablets
68954,333,Healthy Start Women's Vitamin tablets (Secretary of State for Health),Folic acid/Vitamin D/Ascorbic acid,400microgram + 10microgram + 70mg,Tablet,Oral,09040251,Nutritional Supplements,March 2017,folic acid/vitamin d/ascorbic acid,healthy start women's vitamin tablets (secretary of state for health)
42583,1,"Multivitamins with minerals, trace elements and ginseng Capsule",Lecithin/Nicotinamide/Calcium Phosphate/Magnesium Sulphate Heptahydrate/Copper Sulphate/Biotin/Cyanocobalamin/Ginseng/Pyridoxine Hydrochloride/Thiamine/Vitamin A/Sodium Selenite/Zinc Sulphate/Ferrous Sulphate/Ascorbic Acid/Riboflavin/Alpha Tocopheryl Acetate/Colecalciferol/Folic Acid,,Capsule,Oral,09060750,-,June 2010,lecithin/nicotinamide/calcium phosphate/magnesium sulphate heptahydrate/copper sulphate/biotin/cyanocobalamin/ginseng/pyridoxine hydrochloride/thiamine/vitamin a/sodium selenite/zinc sulphate/ferrous sulphate/ascorbic acid/riboflavin/alpha tocopheryl acetate/colecalciferol/folic acid,"multivitamins with minerals, trace elements and ginseng capsule"
1982,14955,Forceval Capsule (Alliance Pharmaceuticals Ltd),Magnesium Oxide/Betacarotene/Nicotinamide/Potassium Iodide/Copper Sulphate/Biotin/Cyanocobalamin/Ergocalciferol/Phytomenadione/Pyridoxine/Thiamine/Ferrous Fumarate/Sodium Molybdate/Pantothenic Acid/Zinc Sulphate/Ascorbic Acid/Riboflavin/Alpha Tocopheryl Acetate/Chromium/Selenium/Folic Acid/Manganese Sulphate,,Capsule,Oral,09060750,-,February 2009,magnesium oxide/betacarotene/nicotinamide/potassium iodide/copper sulphate/biotin/cyanocobalamin/ergocalciferol/phytomenadione/pyridoxine/thiamine/ferrous fumarate/sodium molybdate/pantothenic acid/zinc sulphate/ascorbic acid/riboflavin/alpha tocopheryl acetate/chromium/selenium/folic acid/manganese sulphate,forceval capsule (alliance pharmaceuticals ltd)
33224,10,Multivitamins with minerals and trace elements Capsule,Magnesium Oxide/Betacarotene/Nicotinamide/Potassium Iodide/Copper Sulphate/Biotin/Cyanocobalamin/Ergocalciferol/Phytomenadione/Pyridoxine/Thiamine/Ferrous Fumarate/Sodium Molybdate/Pantothenic Acid/Zinc Sulphate/Ascorbic Acid/Riboflavin/Alpha Tocopheryl Acetate/Chromium/Selenium/Folic Acid/Manganese Sulphate,,Capsule,Oral,09060750,-,February 2009,magnesium oxide/betacarotene/nicotinamide/potassium iodide/copper sulphate/biotin/cyanocobalamin/ergocalciferol/phytomenadione/pyridoxine/thiamine/ferrous fumarate/sodium molybdate/pantothenic acid/zinc sulphate/ascorbic acid/riboflavin/alpha tocopheryl acetate/chromium/selenium/folic acid/manganese sulphate,multivitamins with minerals and trace elements capsule
14852,314,Multivitamins with minerals and trace elements Capsule,Magnesium Oxide/Betacarotene/Nicotinamide/Potassium Iodide/Potassium Sulphate/Copper Sulphate/Biotin/Cyanocobalamin/Ergocalciferol/Pyridoxine/Thiamine/Ferrous Fumarate/Sodium Molybdate/Pantothenic Acid/Zinc Sulphate/Ascorbic Acid/Riboflavin/Alpha Tocopheryl Acetate/Chromium/Selenium/Dicalcium  Phosphate/Folic Acid/Manganese Sulphate,,Capsule,Oral,09060750,-,February 2009,magnesium oxide/betacarotene/nicotinamide/potassium iodide/potassium sulphate/copper sulphate/biotin/cyanocobalamin/ergocalciferol/pyridoxine/thiamine/ferrous fumarate/sodium molybdate/pantothenic acid/zinc sulphate/ascorbic acid/riboflavin/alpha tocopheryl acetate/chromium/selenium/dicalcium  phosphate/folic acid/manganese sulphate,multivitamins with minerals and trace elements capsule
19084,59,Pharmaton Vitality capsules (Sanofi),Magnesium sulfate dried/Ferrous sulfate dried/Zinc sulfate monohydrate/Calcium hydrogen phosphate anhydrous/Lecithin/Sodium selenite/Vitamin A palmitate/Copper sulfate anhydrous/Folic acid/Ginseng standardised extract/Colecalciferol/Alpha tocopheryl acetate/Thiamine nitrate/Riboflavin/Pyridoxine hydrochloride/Cyanocobalamin/Biotin/Nicotinamide/Ascorbic acid,10mg + 10mg + 1mg + 100mg + 100mg + 50microgram + 2667unit + 2mg + 100microgram + 40mg + 200unit + 10mg + 1.4mg + 1.6mg + 2mg + 1microgram + 150microgram + 18mg + 60mg,Capsule,Oral,09040251,Nutritional Supplements,February 2009,magnesium sulfate dried/ferrous sulfate dried/zinc sulfate monohydrate/calcium hydrogen phosphate anhydrous/lecithin/sodium selenite/vitamin a palmitate/copper sulfate anhydrous/folic acid/ginseng standardised extract/colecalciferol/alpha tocopheryl acetate/thiamine nitrate/riboflavin/pyridoxine hydrochloride/cyanocobalamin/biotin/nicotinamide/ascorbic acid,pharmaton vitality capsules (sanofi)
49581,1755,Forceval Soluble Junior tablets (Alliance Pharmaceuticals Ltd),Magnesium/Vitamin A/Molybdenum/Chromium/Selenium/Manganese/Zinc/Potassium/Iodine/Alpha tocopheryl acetate/Copper/Ergocalciferol/Thiamine/Riboflavin/Pyridoxine/Cyanocobalamin/Ascorbic acid/Biotin/Nicotinamide/Pantothenic acid/Phytomenadione/Folic acid/Iron,1mg + 1250unit + 50microgram + 50microgram + 25microgram + 1.3mg + 5mg + 96mg + 75microgram + 5mg + 1mg + 200unit + 1.5mg + 1mg + 1mg + 2microgram + 25mg + 50microgram + 7.5mg + 2mg + 25microgram + 100microgram + 5mg,Tablet,Oral,09040251,Nutritional Supplements,January 2013,magnesium/vitamin a/molybdenum/chromium/selenium/manganese/zinc/potassium/iodine/alpha tocopheryl acetate/copper/ergocalciferol/thiamine/riboflavin/pyridoxine/cyanocobalamin/ascorbic acid/biotin/nicotinamide/pantothenic acid/phytomenadione/folic acid/iron,forceval soluble junior tablets (alliance pharmaceuticals ltd)
14508,3430,Nephrovite Tablet (Kimal Scientific Products Ltd),Nicotinamide/Biotin/Cyanocobalamin/Thiamine Nitrate/Pantothenic Acid/Ascorbic Acid/Riboflavin/Folic Acid,,Tablet,Oral,09060700,Multivitamin And Multimineral Preparations,February 2009,nicotinamide/biotin/cyanocobalamin/thiamine nitrate/pantothenic acid/ascorbic acid/riboflavin/folic acid,nephrovite tablet (kimal scientific products ltd)
66662,2,Strezz-B-Vit Tablet (Ferrosan Healthcare),Nicotinamide/Biotin/Cyanocobalamin/Thiamine Nitrate/Pantothenic Acid/Ascorbic Acid/Riboflavin/Folic Acid,,Tablet,,09060700,Multivitamin And Multimineral Preparations,July 2016,nicotinamide/biotin/cyanocobalamin/thiamine nitrate/pantothenic acid/ascorbic acid/riboflavin/folic acid,strezz-b-vit tablet (ferrosan healthcare)
22187,69,Vitamins b complex & c with folic acid tablets,Nicotinamide/Biotin/Cyanocobalamin/Thiamine Nitrate/Pantothenic Acid/Ascorbic Acid/Riboflavin/Folic Acid,,Tablets,Oral,09060700,Multivitamin And Multimineral Preparations,February 2009,nicotinamide/biotin/cyanocobalamin/thiamine nitrate/pantothenic acid/ascorbic acid/riboflavin/folic acid,vitamins b complex & c with folic acid tablets
13690,131,Vitamins b complex & c with folic acid tablets,Nicotinamide/Biotin/Cyanocobalamin/Thiamine Nitrate/Pantothenic Acid/Ascorbic Acid/Riboflavin/Folic Acid,,Tablets,Oral,09060700,Multivitamin And Multimineral Preparations,February 2009,nicotinamide/biotin/cyanocobalamin/thiamine nitrate/pantothenic acid/ascorbic acid/riboflavin/folic acid,vitamins b complex & c with folic acid tablets
33289,150,Solivito N powder for solution for infusion vials (Fresenius Kabi Ltd),Nicotinamide/Biotin/Folic acid/Cyanocobalamin/Sodium ascorbate/Pyridoxine hydrochloride/Sodium pantothenate/Riboflavin sodium phosphate/Thiamine nitrate,40mg + 60microgram + 400microgram + 5microgram + 113mg + 4.9mg + 16.5mg + 4.9mg + 3.1mg,Powder for solution for infusion,Intravenous,09030000,Intravenous Nutrition,February 2009,nicotinamide/biotin/folic acid/cyanocobalamin/sodium ascorbate/pyridoxine hydrochloride/sodium pantothenate/riboflavin sodium phosphate/thiamine nitrate,solivito n powder for solution for infusion vials (fresenius kabi ltd)
9107,1416,Pregnavite Forte F Tablet (Goldshield Pharmaceuticals Ltd),Nicotinamide/Calcium Phosphate/Pyridoxine Hydrochloride/Thiamine Hydrochloride/Vitamin A/Vitamin D/Ferrous Sulphate/Ascorbic Acid/Riboflavin/Folic Acid,,Tablet,Oral,09010101,Oral Iron,February 2009,nicotinamide/calcium phosphate/pyridoxine hydrochloride/thiamine hydrochloride/vitamin a/vitamin d/ferrous sulphate/ascorbic acid/riboflavin/folic acid,pregnavite forte f tablet (goldshield pharmaceuticals ltd)
41815,844,Vitamins a & d with other vitamins capsules,Nicotinamide/Cyanocobalamin/Pyridoxine Hydrochloride/Thiamine Nitrate/Vitamin A/Vitamin D/Pantothenic Acid/Ascorbic Acid/Riboflavin/Alpha Tocopherol/Folic Acid/Eicosapentaenoic Acid/Docosahexaenoic Acid,,Capsules,Oral,09060700,Multivitamin And Multimineral Preparations,April 2010,nicotinamide/cyanocobalamin/pyridoxine hydrochloride/thiamine nitrate/vitamin a/vitamin d/pantothenic acid/ascorbic acid/riboflavin/alpha tocopherol/folic acid/eicosapentaenoic acid/docosahexaenoic acid,vitamins a & d with other vitamins capsules
28992,159,Vitamins c e & k with 8 other vitamins (combination no1) tablets,Nicotinamide/Inositol/Biotin/Calcium Pantothenate/Pyridoxine Hydrochloride/Thiamine Hydrochloride/Ascorbic Acid/Riboflavin/Alpha Tocopheryl Acetate/Folic Acid/Acetomenaphthone,,Tablets,Oral,09060750,-,February 2009,nicotinamide/inositol/biotin/calcium pantothenate/pyridoxine hydrochloride/thiamine hydrochloride/ascorbic acid/riboflavin/alpha tocopheryl acetate/folic acid/acetomenaphthone,vitamins c e & k with 8 other vitamins (combination no1) tablets
17735,82,Fefol -vit spansule Spansule (Celltech Pharma Europe Ltd),Nicotinamide/Pyridoxine Hydrochloride/Thiamine Nitrate/Ferrous Sulphate/Ascorbic Acid/Riboflavin/Folic Acid,,Spansule,Oral,09010101,Oral Iron,February 2009,nicotinamide/pyridoxine hydrochloride/thiamine nitrate/ferrous sulphate/ascorbic acid/riboflavin/folic acid,fefol -vit spansule spansule (celltech pharma europe ltd)
27069,51,"Ferrous sulphate with folic acid, ascorbic acid and b group vitamins Capsule",Nicotinamide/Thiamine Hydrochloride/Ferrous Sulphate/Ascorbic Acid/Riboflavin/Folic Acid,,Capsule,Oral,09010101/09060700,Oral Iron/Multivitamin And Multimineral Preparations,February 2009,nicotinamide/thiamine hydrochloride/ferrous sulphate/ascorbic acid/riboflavin/folic acid,"ferrous sulphate with folic acid, ascorbic acid and b group vitamins capsule"
31595,109,Dialyvit with zinc Tablet (Vitaline Pharmaceuticals UK Ltd),Nicotinamide/Zinc Acetate/Biotin/Cyanocobalamin/Pyridoxine Hydrochloride/Thiamine Nitrate/Pantothenic Acid/Ascorbic Acid/Riboflavin/Folic Acid,,Tablet,Oral,09060700,Multivitamin And Multimineral Preparations,February 2009,nicotinamide/zinc acetate/biotin/cyanocobalamin/pyridoxine hydrochloride/thiamine nitrate/pantothenic acid/ascorbic acid/riboflavin/folic acid,dialyvit with zinc tablet (vitaline pharmaceuticals uk ltd)
41990,216,Multivitamins with minerals Tablet,Pantothenic Acid/Ascorbic Acid/Calcium/Folic Acid/Iron/Nicotinic Acid/Riboflavin/Pyridoxine/Alpha Tocopherol/Vitamin A/Vitamin D/Thiamine/Vitamin B12,,Tablet,Oral,09060750,-,April 2010,pantothenic acid/ascorbic acid/calcium/folic acid/iron/nicotinic acid/riboflavin/pyridoxine/alpha tocopherol/vitamin a/vitamin d/thiamine/vitamin b12,multivitamins with minerals tablet
10003,47,Menopace Capsule (Vitabiotics Ltd),Pantothenic Acid/Biotin/Ascorbic Acid/Aminobenzoic Acid/Copper Sulphate/Folic Acid/Ferrous Fumarate/Magnesium Oxide/Manganese Sulphate/Nicotinic Acid/Potassium Iodide/Riboflavin/Pyridoxine/Vitamin A/Zinc Sulphate/Alpha Tocopheryl Hydrogen Succi,,Capsule,Oral,09060750,-,February 2009,pantothenic acid/biotin/ascorbic acid/aminobenzoic acid/copper sulphate/folic acid/ferrous fumarate/magnesium oxide/manganese sulphate/nicotinic acid/potassium iodide/riboflavin/pyridoxine/vitamin a/zinc sulphate/alpha tocopheryl hydrogen succi,menopace capsule (vitabiotics ltd)
44636,2088,Vivioptal Junior liquid (Scope Ophthalmics Ltd),Pantothenic Acid/Biotin/Ascorbic Acid/Copper Sulphate/Folic Acid/Manganese Sulphate/Magnesium/Nicotinamide/Potassium/Riboflavin/Pyridoxine/Alpha Tocopherol/Vitamin A/Vitamin D/Ferric Ammonium Citrate/Zinc Gluconate/Vitamin B12,,Liquid,Oral,09060700,Multivitamin And Multimineral Preparations,February 2011,pantothenic acid/biotin/ascorbic acid/copper sulphate/folic acid/manganese sulphate/magnesium/nicotinamide/potassium/riboflavin/pyridoxine/alpha tocopherol/vitamin a/vitamin d/ferric ammonium citrate/zinc gluconate/vitamin b12,vivioptal junior liquid (scope ophthalmics ltd)
37674,13,Vitamins additive to infusion solution powder for conc,Pantothenic Acid/Biotin/Ascorbic Acid/Folic Acid/Nicotinamide/Pyridoxine Hydrochloride/Riboflavin/Thiamine/Vitamin B12,,Powder For Concentrate,Intravenous Infusion,09030000,Intravenous Nutrition,February 2009,pantothenic acid/biotin/ascorbic acid/folic acid/nicotinamide/pyridoxine hydrochloride/riboflavin/thiamine/vitamin b12,vitamins additive to infusion solution powder for conc
46640,2,"Vitamin a, c & d with multivitamins & minerals tablets",Pantothenic Acid/Biotin/Ascorbic Acid/Vitamin A Acetate/Copper Sulphate/Folic Acid/Ferrous Fumarate/Manganese Sulphate/Nicotinamide/Potassium Chloride/Potassium Iodide/Pyridoxine Hydrochloride/Riboflavin/Alpha Tocopheryl Acetate/Vitamin D/Zinc,,Tablets,Oral,09060750,-,January 2012,pantothenic acid/biotin/ascorbic acid/vitamin a acetate/copper sulphate/folic acid/ferrous fumarate/manganese sulphate/nicotinamide/potassium chloride/potassium iodide/pyridoxine hydrochloride/riboflavin/alpha tocopheryl acetate/vitamin d/zinc,"vitamin a, c & d with multivitamins & minerals tablets"
13008,7375,Adult multivitamins and minerals Capsule (BioCare Ltd),Pantothenic Acid/Biotin/Zinc Citrate/Magnesium Ascorbate/Pyridoxal-5-Phosphate/Calcium Citrate/Silica/Aminobenzoic Acid/Manganese Ascorbate/Vitamin A Acetate/Chromium Polynicotinate/Potassium Molybdate/Selenomethionine/Folic Acid/Hydroxocobalam,,Capsule,Oral,09060700,Multivitamin And Multimineral Preparations,February 2009,pantothenic acid/biotin/zinc citrate/magnesium ascorbate/pyridoxal-5-phosphate/calcium citrate/silica/aminobenzoic acid/manganese ascorbate/vitamin a acetate/chromium polynicotinate/potassium molybdate/selenomethionine/folic acid/hydroxocobalam,adult multivitamins and minerals capsule (biocare ltd)
16245,120,Multivitamins with multiminerals Capsule,Pantothenic Acid/Biotin/Zinc Citrate/Magnesium Ascorbate/Pyridoxal-5-Phosphate/Calcium Citrate/Silica/Aminobenzoic Acid/Manganese Ascorbate/Vitamin A Acetate/Chromium Polynicotinate/Potassium Molybdate/Selenomethionine/Folic Acid/Hydroxocobalam,,Capsule,Oral,09060700,Multivitamin And Multimineral Preparations,February 2009,pantothenic acid/biotin/zinc citrate/magnesium ascorbate/pyridoxal-5-phosphate/calcium citrate/silica/aminobenzoic acid/manganese ascorbate/vitamin a acetate/chromium polynicotinate/potassium molybdate/selenomethionine/folic acid/hydroxocobalam,multivitamins with multiminerals capsule
48856,23308,Forceval Soluble tablets (Alliance Pharmaceuticals Ltd),Pyridoxine/Ergocalciferol/Ascorbic acid/Biotin/Nicotinamide/Pantothenic acid/Folic acid/Iron/Copper/Phosphorus/Calcium/Magnesium/Iodine/Potassium/Zinc/Manganese/Selenium/Chromium/Molybdenum/Cyanocobalamin/Thiamine/Alpha tocopheryl acetate/Vitamin A/Riboflavin,2mg + 400unit + 60mg + 100microgram + 18mg + 4mg + 400microgram + 12mg + 2mg + 51.5mg + 100mg + 30mg + 140microgram + 4mg + 15mg + 3mg + 50microgram + 200microgram + 250microgram + 3microgram + 1.2mg + 10mg + 2500unit + 1.6mg,Soluble tablet,Oral,09040251,Nutritional Supplements,January 2013,pyridoxine/ergocalciferol/ascorbic acid/biotin/nicotinamide/pantothenic acid/folic acid/iron/copper/phosphorus/calcium/magnesium/iodine/potassium/zinc/manganese/selenium/chromium/molybdenum/cyanocobalamin/thiamine/alpha tocopheryl acetate/vitamin a/riboflavin,forceval soluble tablets (alliance pharmaceuticals ltd)
69131,4,Generic Forceval Soluble tablets sugar free,Pyridoxine/Ergocalciferol/Ascorbic acid/Biotin/Nicotinamide/Pantothenic acid/Folic acid/Iron/Copper/Phosphorus/Calcium/Magnesium/Iodine/Potassium/Zinc/Manganese/Selenium/Chromium/Molybdenum/Cyanocobalamin/Thiamine/Alpha tocopheryl acetate/Vitamin A/Riboflavin,2mg + 400unit + 60mg + 100microgram + 18mg + 4mg + 400microgram + 12mg + 2mg + 51.5mg + 100mg + 30mg + 140microgram + 4mg + 15mg + 3mg + 50microgram + 200microgram + 250microgram + 3microgram + 1.2mg + 10mg + 2500unit + 1.6mg,Soluble tablet,Oral,09040251,Nutritional Supplements,April 2017,pyridoxine/ergocalciferol/ascorbic acid/biotin/nicotinamide/pantothenic acid/folic acid/iron/copper/phosphorus/calcium/magnesium/iodine/potassium/zinc/manganese/selenium/chromium/molybdenum/cyanocobalamin/thiamine/alpha tocopheryl acetate/vitamin a/riboflavin,generic forceval soluble tablets sugar free
31047,1,Givitol Capsule (Galen Ltd),Sodium Ascorbate/Nicotinamide/Pyridoxine Hydrochloride/Thiamine Nitrate/Ferrous Fumarate/Riboflavin/Folic Acid,,Capsule,Oral,09010101/09060700,Oral Iron/Multivitamin And Multimineral Preparations,February 2009,sodium ascorbate/nicotinamide/pyridoxine hydrochloride/thiamine nitrate/ferrous fumarate/riboflavin/folic acid,givitol capsule (galen ltd)
6028,2278,Multivitamins with iron Chewable tablet,Stearic Acid (E570)/Magnesium Stearate (E572)/Pyridoxine Hydrochloride/Thiamine Nitrate/Vitamin A/Ferrous Sulphate/Ascorbic Acid/Riboflavin/Colecalciferol/Dicalcium  Phosphate/Folic Acid,,Chewable Tablet,Oral,09060750,-,February 2009,stearic acid (e570)/magnesium stearate (e572)/pyridoxine hydrochloride/thiamine nitrate/vitamin a/ferrous sulphate/ascorbic acid/riboflavin/colecalciferol/dicalcium  phosphate/folic acid,multivitamins with iron chewable tablet
12891,107,Superted multivitamins & iron Chewable tablet (Chefaro UK Ltd),Stearic Acid (E570)/Magnesium Stearate (E572)/Pyridoxine Hydrochloride/Thiamine Nitrate/Vitamin A/Ferrous Sulphate/Ascorbic Acid/Riboflavin/Colecalciferol/Dicalcium  Phosphate/Folic Acid,,Chewable Tablet,Oral,09060750,-,February 2009,stearic acid (e570)/magnesium stearate (e572)/pyridoxine hydrochloride/thiamine nitrate/vitamin a/ferrous sulphate/ascorbic acid/riboflavin/colecalciferol/dicalcium  phosphate/folic acid,superted multivitamins & iron chewable tablet (chefaro uk ltd)
29609,28,Superted multivitamins & minerals Chewable tablet (Chefaro UK Ltd),Stearic Acid (E570)/Magnesium Stearate (E572)/Pyridoxine Hydrochloride/Thiamine Nitrate/Vitamin A/Ferrous Sulphate/Ascorbic Acid/Riboflavin/Colecalciferol/Dicalcium  Phosphate/Folic Acid,,Chewable Tablet,Oral,09060750,-,February 2009,stearic acid (e570)/magnesium stearate (e572)/pyridoxine hydrochloride/thiamine nitrate/vitamin a/ferrous sulphate/ascorbic acid/riboflavin/colecalciferol/dicalcium  phosphate/folic acid,superted multivitamins & minerals chewable tablet (chefaro uk ltd)
14961,477,Berocca effervescent tablets orange (Bayer Plc),Thiamine/Calcium/Folic acid/Pantothenic acid/Pyridoxine/Ascorbic acid/Cyanocobalamin/Nicotinic acid/Zinc/Magnesium/Riboflavin/Biotin,10.4mg + 95mg + 366microgram + 22.7mg + 7.1mg + 476mg + 8.6microgram + 45.3mg + 9mg + 95mg + 13.6mg + 130microgram,Effervescent tablet,Oral,09040251,Nutritional Supplements,February 2009,thiamine/calcium/folic acid/pantothenic acid/pyridoxine/ascorbic acid/cyanocobalamin/nicotinic acid/zinc/magnesium/riboflavin/biotin,berocca effervescent tablets orange (bayer plc)
60342,1,Berocca effervescent tablets tropical (Bayer Plc),Thiamine/Calcium/Folic acid/Pantothenic acid/Pyridoxine/Ascorbic acid/Cyanocobalamin/Nicotinic acid/Zinc/Magnesium/Riboflavin/Biotin,10.4mg + 95mg + 366microgram + 22.7mg + 7.1mg + 476mg + 8.6microgram + 45.3mg + 9mg + 95mg + 13.6mg + 130microgram,Effervescent tablet,Oral,09040251,Nutritional Supplements,July 2014,thiamine/calcium/folic acid/pantothenic acid/pyridoxine/ascorbic acid/cyanocobalamin/nicotinic acid/zinc/magnesium/riboflavin/biotin,berocca effervescent tablets tropical (bayer plc)
4019,601968,Forceval capsules (Forum Health Products Ltd),Thiamine/Vitamin A/Ergocalciferol/Tocopheryl acetate/Ascorbic acid/Biotin/Cyanocobalamin/Folic acid/Nicotinamide/Pantothenic acid/Pyridoxine/Riboflavin/Calcium/Chromium/Copper/Iodine/Iron/Magnesium/Manganese/Molybdenum/Potassium/Phosphorus/Selenium/Zinc,1.2mg + 2500unit + 400unit + 10mg + 60mg + 100microgram + 3microgram + 400microgram + 18mg + 4mg + 2mg + 1.6mg + 100mg + 200microgram + 2mg + 140microgram + 12mg + 30mg + 3mg + 250microgram + 4mg + 77mg + 50microgram + 15mg,Capsule,Oral,09060700,Multivitamin And Multimineral Preparations,February 2009,thiamine/vitamin a/ergocalciferol/tocopheryl acetate/ascorbic acid/biotin/cyanocobalamin/folic acid/nicotinamide/pantothenic acid/pyridoxine/riboflavin/calcium/chromium/copper/iodine/iron/magnesium/manganese/molybdenum/potassium/phosphorus/selenium/zinc,forceval capsules (forum health products ltd)
82353,0,Forceval capsules (Waymade Healthcare Plc),Thiamine/Vitamin A/Ergocalciferol/Tocopheryl acetate/Ascorbic acid/Biotin/Cyanocobalamin/Folic acid/Nicotinamide/Pantothenic acid/Pyridoxine/Riboflavin/Calcium/Chromium/Copper/Iodine/Iron/Magnesium/Manganese/Molybdenum/Potassium/Phosphorus/Selenium/Zinc,1.2mg + 2500unit + 400unit + 10mg + 60mg + 100microgram + 3microgram + 400microgram + 18mg + 4mg + 2mg + 1.6mg + 100mg + 200microgram + 2mg + 140microgram + 12mg + 30mg + 3mg + 250microgram + 4mg + 77mg + 50microgram + 15mg,Capsule,Oral,09060700,Multivitamin And Multimineral Preparations,January 2021,thiamine/vitamin a/ergocalciferol/tocopheryl acetate/ascorbic acid/biotin/cyanocobalamin/folic acid/nicotinamide/pantothenic acid/pyridoxine/riboflavin/calcium/chromium/copper/iodine/iron/magnesium/manganese/molybdenum/potassium/phosphorus/selenium/zinc,forceval capsules (waymade healthcare plc)
61507,18,Generic Forceval capsules,Thiamine/Vitamin A/Ergocalciferol/Tocopheryl acetate/Ascorbic acid/Biotin/Cyanocobalamin/Folic acid/Nicotinamide/Pantothenic acid/Pyridoxine/Riboflavin/Calcium/Chromium/Copper/Iodine/Iron/Magnesium/Manganese/Molybdenum/Potassium/Phosphorus/Selenium/Zinc,1.2mg + 2500unit + 400unit + 10mg + 60mg + 100microgram + 3microgram + 400microgram + 18mg + 4mg + 2mg + 1.6mg + 100mg + 200microgram + 2mg + 140microgram + 12mg + 30mg + 3mg + 250microgram + 4mg + 77mg + 50microgram + 15mg,Capsule,Oral,09060700,Multivitamin And Multimineral Preparations,October 2014,thiamine/vitamin a/ergocalciferol/tocopheryl acetate/ascorbic acid/biotin/cyanocobalamin/folic acid/nicotinamide/pantothenic acid/pyridoxine/riboflavin/calcium/chromium/copper/iodine/iron/magnesium/manganese/molybdenum/potassium/phosphorus/selenium/zinc,generic forceval capsules
24527,25,Vitamins a & d with other vitamins & minerals capsules,Zinc Oxide/Lecithin/Nicotinamide/Calcium Phosphate/Inositol/Potassium Sulphate/Cobalt Sulphate/Copper Sulphate/Lysine Acetylsalicylate/Adenosine/Biotin/Choline Hydrogen Tartrate/Cyanocobalamin/Dexpanthenol/Pyridoxine Hydrochloride/Rutoside/Thiamine Nitrate/Vitamin A/Ethyl Linoleate/Sodium Molybdate/Magnesium Glycerophosphate/Ferrous Sulphate/Ascorbic Acid/Riboflavin/Alpha Tocopherol/Colecalciferol/Folic Acid/Manganese Sulphate/Orotic Acid Anhydrous,,Capsules,Oral,09060700,Multivitamin And Multimineral Preparations,February 2009,zinc oxide/lecithin/nicotinamide/calcium phosphate/inositol/potassium sulphate/cobalt sulphate/copper sulphate/lysine acetylsalicylate/adenosine/biotin/choline hydrogen tartrate/cyanocobalamin/dexpanthenol/pyridoxine hydrochloride/rutoside/thiamine nitrate/vitamin a/ethyl linoleate/sodium molybdate/magnesium glycerophosphate/ferrous sulphate/ascorbic acid/riboflavin/alpha tocopherol/colecalciferol/folic acid/manganese sulphate/orotic acid anhydrous,vitamins a & d with other vitamins & minerals capsules
20777,402,Fefol z spansule Spansule (Celltech Pharma Europe Ltd),Zinc Sulphate/Ferrous Sulphate/Folic Acid,,Spansule,Oral,09010101,Oral Iron,February 2009,zinc sulphate/ferrous sulphate/folic acid,fefol z spansule spansule (celltech pharma europe ltd)
